,DATA_TYPE_FM,TIME_PERIOD,OBS_VALUE
0,TAU1,2007-07-31,0.623721569822514
1,BETA3,2007-07-31,-1.486516151955209
2,BETA0,2007-07-31,4.816296673135296
3,TAU2,2007-07-31,2.6472518801609124
4,BETA1,2007-07-31,-1.0276003863054168
5,BETA2,2007-07-31,0.523688287960592
6,BETA0,2007-08-31,4.953099885884581
7,BETA1,2007-08-31,-1.1394807166748064
8,BETA3,2007-08-31,-2.433675847760576
9,TAU1,2007-08-31,1.2459190444622328
10,TAU2,2007-08-31,2.3574248558355313
11,BETA2,2007-08-31,0.9231223051958586
12,BETA0,2007-09-28,5.031382329169689
13,TAU1,2007-09-28,1.385437194557062
14,BETA2,2007-09-28,1.2221548388447765
15,BETA3,2007-09-28,-2.687453297473849
16,BETA1,2007-09-28,-1.277649152804811
17,TAU2,2007-09-28,2.384269877432573
18,TAU2,2007-10-31,2.344398674017142
19,TAU1,2007-10-31,1.269152778185069
20,BETA3,2007-10-31,-2.783595102912833
21,BETA2,2007-10-31,1.4340550971444943
22,BETA0,2007-10-31,4.899898620076989
23,BETA1,2007-10-31,-1.1105651709061557
24,BETA3,2007-11-30,-3.5814906033091862
25,BETA1,2007-11-30,-1.2136751479301398
26,BETA0,2007-11-30,5.089307026106054
27,TAU2,2007-11-30,2.3993222859457113
28,BETA2,2007-11-30,1.125323694302635
29,TAU1,2007-11-30,1.536968575935412
30,TAU2,2007-12-31,2.0667663650290735
31,BETA2,2007-12-31,1.4476425261887529
32,TAU1,2007-12-31,1.1283693403652355
33,BETA0,2007-12-31,5.0250745338993665
34,BETA3,2007-12-31,-3.1142891685888228
35,BETA1,2007-12-31,-1.2727547554197562
36,BETA3,2008-01-31,-3.508230252995898
37,BETA1,2008-01-31,-1.275836533027602
38,TAU1,2008-01-31,2.688488017458475
39,BETA0,2008-01-31,5.137861545761802
40,TAU2,2008-01-31,2.375415898649745
41,BETA2,2008-01-31,0.3867482810726589
42,BETA0,2008-02-29,5.253235095990374
43,BETA2,2008-02-29,3.4805147488969066
44,TAU1,2008-02-29,2.674514997213298
45,BETA1,2008-02-29,-1.241931335863434
46,TAU2,2008-02-29,2.2415239602860324
47,BETA3,2008-02-29,-7.601701888416266
48,TAU2,2008-03-31,4.383836715542154
49,BETA3,2008-03-31,-5.56417311639207
50,BETA2,2008-03-31,5.7247582339172665
51,TAU1,2008-03-31,7.48246210618672
52,BETA0,2008-03-31,4.528438598213164
53,BETA1,2008-03-31,-0.6314889727494195
54,TAU1,2008-04-30,10.76644499505674
55,BETA1,2008-04-30,0.8860507773082097
56,TAU2,2008-04-30,5.868835709524512
57,BETA3,2008-04-30,-5.244135549175598
58,BETA2,2008-04-30,8.973049158845683
59,BETA0,2008-04-30,3.069505252406318
60,TAU2,2008-05-30,12.32747808376646
61,BETA2,2008-05-30,8.44968011552292
62,BETA3,2008-05-30,-5.994429525309483
63,BETA1,2008-05-30,-0.3939087396005208
64,BETA0,2008-05-30,4.472455184065018
65,TAU1,2008-05-30,14.414373306819684
66,BETA0,2008-06-30,5.343559083804077
67,BETA3,2008-06-30,-5.804283613147902
68,BETA2,2008-06-30,5.5455247416542575
69,TAU2,2008-06-30,1.9429125441309536
70,TAU1,2008-06-30,1.4589883314722407
71,BETA1,2008-06-30,-1.3568698184692924
72,BETA2,2008-07-31,5.0440805191108655
73,TAU1,2008-07-31,1.4454085834902866
74,BETA1,2008-07-31,-1.101391012600697
75,BETA3,2008-07-31,-6.252860013533929
76,BETA0,2008-07-31,5.207317587267669
77,TAU2,2008-07-31,1.8546457582286184
78,BETA1,2008-08-29,-0.9466127001801938
79,TAU1,2008-08-29,1.6985585275296675
80,BETA2,2008-08-29,4.788406412360564
81,TAU2,2008-08-29,2.064141596382422
82,BETA0,2008-08-29,5.144262544356711
83,BETA3,2008-08-29,-6.577230395234359
84,TAU1,2008-09-30,2.4269307527771296
85,TAU2,2008-09-30,2.4320363440422943
86,BETA2,2008-09-30,4.583988627371671
87,BETA3,2008-09-30,-6.526773291567495
88,BETA1,2008-09-30,-1.6361612115714534
89,BETA0,2008-09-30,5.325862801702799
90,BETA1,2008-10-31,-2.662119156925875
91,BETA3,2008-10-31,-1.9648643842498656
92,TAU1,2008-10-31,1.6953560875020426
93,BETA2,2008-10-31,-0.8974285938713478
94,BETA0,2008-10-31,5.381390048490562
95,TAU2,2008-10-31,1.669016430249828
96,BETA0,2008-11-28,4.8091877776854215
97,TAU2,2008-11-28,0.324124945000166
98,TAU1,2008-11-28,2.027890427003653
99,BETA3,2008-11-28,-2.6812943037087607
100,BETA2,2008-11-28,-1.7393011111527523
101,BETA1,2008-11-28,-1.8973845777691232
102,TAU2,2008-12-31,0.3183522790112221
103,BETA3,2008-12-31,-1.2488869517336905
104,BETA1,2008-12-31,1.971269648067692
105,BETA0,2008-12-31,0.0287563876815841
106,BETA2,2008-12-31,11.039927137990064
107,TAU1,2008-12-31,13.398407183923489
108,BETA0,2009-01-30,5.134646299200098
109,TAU1,2009-01-30,1.9249928998788195
110,BETA1,2009-01-30,-3.7019004040654577
111,BETA2,2009-01-30,-0.0335855364275084
112,TAU2,2009-01-30,0.7186996627795855
113,BETA3,2009-01-30,-2.900934577123429
114,BETA1,2009-02-27,1.45577701347736
115,TAU1,2009-02-27,13.039188415941313
116,BETA3,2009-02-27,-4.095531438274298
117,BETA0,2009-02-27,0.4542009639131038
118,TAU2,2009-02-27,0.3802650457455191
119,BETA2,2009-02-27,12.094100595991346
120,BETA1,2009-03-31,1.6972139804801394
121,BETA0,2009-03-31,0.01
122,TAU1,2009-03-31,13.205554455706777
123,BETA2,2009-03-31,13.065007496995651
124,TAU2,2009-03-31,0.3685961315511616
125,BETA3,2009-03-31,-3.774076291521008
126,BETA1,2009-04-30,1.2568071566759136
127,BETA0,2009-04-30,0.01
128,BETA2,2009-04-30,13.510876110350202
129,TAU1,2009-04-30,11.958498203205025
130,BETA3,2009-04-30,-2.3811618187201056
131,TAU2,2009-04-30,0.3516160348379399
132,BETA3,2009-05-29,-2.9177530804827945
133,TAU2,2009-05-29,0.4852371869495303
134,BETA0,2009-05-29,2.158196583292152
135,BETA1,2009-05-29,-0.8784101093556899
136,TAU1,2009-05-29,9.5612997981834
137,BETA2,2009-05-29,10.94072070195889
138,BETA0,2009-06-30,2.0916931185968375
139,TAU2,2009-06-30,0.3842503782721661
140,TAU1,2009-06-30,9.888350120613492
141,BETA2,2009-06-30,11.104574840734095
142,BETA3,2009-06-30,-1.852459939017279
143,BETA1,2009-06-30,-1.191801099790065
144,BETA3,2009-07-31,-2.7986110099497465
145,BETA1,2009-07-31,0.9935366782351372
146,BETA2,2009-07-31,13.90774013876165
147,TAU1,2009-07-31,12.875520814381524
148,BETA0,2009-07-31,0.0575704860669476
149,TAU2,2009-07-31,0.3032489398637057
150,BETA2,2009-08-31,12.157349754340762
151,TAU1,2009-08-31,13.460323192891424
152,BETA3,2009-08-31,-4.1553695496261875
153,BETA1,2009-08-31,0.8130265498424628
154,TAU2,2009-08-31,0.296781619526825
155,BETA0,2009-08-31,0.6257049483865281
156,BETA2,2009-09-30,12.85303752372974
157,TAU1,2009-09-30,11.939793818885368
158,BETA1,2009-09-30,0.3160848408314381
159,BETA3,2009-09-30,-2.379597551313594
160,BETA0,2009-09-30,0.5773169832037239
161,TAU2,2009-09-30,0.3292902427927488
162,BETA0,2009-10-30,0.0745744170242036
163,TAU1,2009-10-30,12.511768770228043
164,BETA2,2009-10-30,14.070290338821607
165,BETA1,2009-10-30,0.7361935004432177
166,TAU2,2009-10-30,0.2909461742913302
167,BETA3,2009-10-30,-1.7710225271596909
168,TAU1,2009-11-30,12.07072170632442
169,TAU2,2009-11-30,0.2567485954899092
170,BETA0,2009-11-30,0.134330166242636
171,BETA2,2009-11-30,14.133375392832129
172,BETA3,2009-11-30,-0.7757209169409174
173,BETA1,2009-11-30,0.3870410381517447
174,BETA2,2009-12-31,13.579257664758671
175,BETA0,2009-12-31,0.3381918975910913
176,TAU2,2009-12-31,0.2517781169134211
177,TAU1,2009-12-31,12.655749647424011
178,BETA3,2009-12-31,-2.142425925462148
179,BETA1,2009-12-31,0.5676442300362021
180,BETA1,2010-01-29,0.6864902382951722
181,BETA0,2010-01-29,0.2185800038681072
182,BETA3,2010-01-29,-2.1982121632063487
183,TAU2,2010-01-29,0.25
184,TAU1,2010-01-29,12.516446744673326
185,BETA2,2010-01-29,13.546715973556802
186,BETA1,2010-02-26,-2.555354583286297
187,TAU1,2010-02-26,7.056231682444515
188,TAU2,2010-02-26,3.7967910408800702
189,BETA0,2010-02-26,2.715541006305869
190,BETA3,2010-02-26,-3.4513096630995563
191,BETA2,2010-02-26,11.791668639795423
192,BETA1,2010-03-31,-3.559023217953747
193,TAU2,2010-03-31,2.9590250776838856
194,TAU1,2010-03-31,5.118274022366714
195,BETA0,2010-03-31,3.816551273874192
196,BETA3,2010-03-31,-5.206742311231308
197,BETA2,2010-03-31,9.532280472747296
198,TAU1,2010-04-30,8.400493679044652
199,BETA1,2010-04-30,-0.8079283071196348
200,BETA2,2010-04-30,15.74106855132448
201,BETA0,2010-04-30,1.1231965083442057
202,BETA3,2010-04-30,-4.489951645846614
203,TAU2,2010-04-30,4.28662503050209
204,TAU2,2010-05-31,5.607632719732201
205,BETA1,2010-05-31,-0.8896598577156889
206,TAU1,2010-05-31,7.99533250149361
207,BETA3,2010-05-31,-8.942475331670558
208,BETA0,2010-05-31,1.230131513665966
209,BETA2,2010-05-31,19.720135348539547
210,TAU1,2010-06-30,9.043665929310892
211,BETA3,2010-06-30,-7.743978798159328
212,BETA2,2010-06-30,21.24989266157364
213,TAU2,2010-06-30,6.255896164091257
214,BETA1,2010-06-30,0.4389077228955278
215,BETA0,2010-06-30,0.01
216,TAU1,2010-07-30,7.509914982091076
217,BETA2,2010-07-30,20.186308024519985
218,BETA0,2010-07-30,1.030623160659604
219,BETA3,2010-07-30,-9.784480428727113
220,TAU2,2010-07-30,4.960977485903986
221,BETA1,2010-07-30,-0.4871467604652756
222,TAU2,2010-08-31,3.8043213368533983
223,TAU1,2010-08-31,5.214373490226753
224,BETA1,2010-08-31,-1.8042575654666269
225,BETA2,2010-08-31,17.803677289360888
226,BETA3,2010-08-31,-12.512926502304149
227,BETA0,2010-08-31,2.3652377173145154
228,BETA3,2010-09-30,-16.144500860672746
229,BETA0,2010-09-30,5.223576866100543
230,TAU1,2010-09-30,3.37997783114458
231,BETA1,2010-09-30,-4.496329671670096
232,TAU2,2010-09-30,3.194284818062719
233,BETA2,2010-09-30,14.631837217269078
234,TAU1,2010-10-29,5.213967755878885
235,TAU2,2010-10-29,4.2734691662846265
236,BETA1,2010-10-29,-2.6824322672612375
237,BETA0,2010-10-29,3.5385286973325263
238,BETA2,2010-10-29,17.699998280141973
239,BETA3,2010-10-29,-14.156569773375669
240,TAU1,2010-11-30,4.432719763951779
241,TAU2,2010-11-30,3.7239160744290034
242,BETA3,2010-11-30,-14.520210709113949
243,BETA0,2010-11-30,4.242265405803352
244,BETA1,2010-11-30,-3.002684909364782
245,BETA2,2010-11-30,17.308233966827135
246,BETA0,2010-12-31,4.467861196708541
247,BETA1,2010-12-31,-3.675703461176852
248,BETA2,2010-12-31,18.160409375345743
249,TAU2,2010-12-31,5.213840524611602
250,BETA3,2010-12-31,-13.659904901309243
251,TAU1,2010-12-31,5.500181689173346
252,TAU1,2011-01-31,4.913897076626571
253,BETA2,2011-01-31,17.65901396504009
254,BETA3,2011-01-31,-13.91487132103254
255,BETA0,2011-01-31,4.861795689230428
256,TAU2,2011-01-31,4.909623552733805
257,BETA1,2011-01-31,-4.084493183834114
258,TAU1,2011-02-28,1.0728047191452976
259,BETA3,2011-02-28,-16.89813641485839
260,BETA2,2011-02-28,14.18326832341974
261,BETA1,2011-02-28,-5.205598653404694
262,BETA0,2011-02-28,5.378205493434698
263,TAU2,2011-02-28,1.2594217777648926
264,BETA1,2011-03-31,-5.27106678078063
265,BETA2,2011-03-31,14.303073950027656
266,BETA0,2011-03-31,5.554965571073528
267,TAU1,2011-03-31,1.1264658408513253
268,BETA3,2011-03-31,-16.76341686488534
269,TAU2,2011-03-31,1.3239852640417924
270,BETA0,2011-04-29,5.386752172092165
271,TAU2,2011-04-29,0.9931315695235248
272,BETA2,2011-04-29,13.861706572551556
273,TAU1,2011-04-29,0.8274136975914065
274,BETA1,2011-04-29,-4.9167328093595675
275,BETA3,2011-04-29,-17.190236046279026
276,BETA0,2011-05-31,5.198447367911346
277,TAU2,2011-05-31,1.1913083478093196
278,BETA2,2011-05-31,14.225634728766538
279,BETA1,2011-05-31,-4.551675963887542
280,BETA3,2011-05-31,-16.886695518488363
281,TAU1,2011-05-31,1.0480681055968042
282,BETA3,2011-06-30,-17.328130101327766
283,TAU2,2011-06-30,1.036558443761528
284,BETA1,2011-06-30,-4.397714414450591
285,BETA2,2011-06-30,13.541660373609917
286,TAU1,2011-06-30,0.878583814297615
287,BETA0,2011-06-30,5.31613099051366
288,TAU2,2011-07-29,0.9247366906403484
289,BETA1,2011-07-29,-5.281564242548822
290,TAU1,2011-07-29,0.8619850757125695
291,BETA3,2011-07-29,-64.97961380179144
292,BETA2,2011-07-29,63.41690909733698
293,BETA0,2011-07-29,5.426607617319904
294,TAU2,2011-08-31,1.2567044836224428
295,BETA2,2011-08-31,62.43637981072143
296,BETA0,2011-08-31,5.411563538082223
297,BETA1,2011-08-31,-5.359698312203793
298,TAU1,2011-08-31,1.1692254786507077
299,BETA3,2011-08-31,-64.69682739457767
300,BETA2,2011-09-30,62.60601630096858
301,BETA3,2011-09-30,-64.52402579640625
302,TAU2,2011-09-30,1.1184530703366888
303,BETA0,2011-09-30,5.297097420692897
304,TAU1,2011-09-30,1.030021487809821
305,BETA1,2011-09-30,-5.287097420700293
306,BETA2,2011-10-31,62.73595914271201
307,BETA1,2011-10-31,-5.70289160718145
308,TAU2,2011-10-31,1.0638379191901874
309,BETA0,2011-10-31,5.7128916071800875
310,BETA3,2011-10-31,-64.3357346729895
311,TAU1,2011-10-31,0.9604546320867804
312,TAU1,2011-11-30,0.8736215950306302
313,BETA1,2011-11-30,-5.361544285176331
314,BETA0,2011-11-30,5.895690166875319
315,TAU2,2011-11-30,0.9704208140098864
316,BETA3,2011-11-30,-62.7764498873058
317,BETA2,2011-11-30,63.13549585729644
318,TAU1,2011-12-30,1.0561699624447525
319,BETA0,2011-12-30,5.5688632708202945
320,BETA3,2011-12-30,-64.4499726928386
321,BETA1,2011-12-30,-5.558863270863629
322,TAU2,2011-12-30,1.1367423176704925
323,BETA2,2011-12-30,62.637564833200585
324,BETA0,2012-01-31,5.447934082894785
325,TAU2,2012-01-31,1.0850060359325415
326,TAU1,2012-01-31,1.0122924378029832
327,BETA1,2012-01-31,-5.437934082895934
328,BETA2,2012-01-31,61.57763941702065
329,BETA3,2012-01-31,-65.56850923411028
330,TAU2,2012-02-29,1.0634589764084352
331,BETA3,2012-02-29,93.877518596238
332,TAU1,2012-02-29,1.0960295300839409
333,BETA0,2012-02-29,5.188390150990133
334,BETA2,2012-02-29,-98.787647087982
335,BETA1,2012-02-29,-5.178390150989117
336,BETA1,2012-03-30,-5.092991729508722
337,BETA0,2012-03-30,5.102991729508165
338,TAU2,2012-03-30,1.0317722098868083
339,TAU1,2012-03-30,1.0636808377034082
340,BETA3,2012-03-30,94.05776647792318
341,BETA2,2012-03-30,-98.50874224090244
342,TAU1,2012-04-30,1.0268655495723695
343,BETA3,2012-04-30,94.2910575785172
344,TAU2,2012-04-30,0.9859041561591414
345,BETA1,2012-04-30,-5.144216476889217
346,BETA2,2012-04-30,-98.27693365025696
347,BETA0,2012-04-30,5.154216476897736
348,TAU2,2012-05-31,0.9164003287042144
349,TAU1,2012-05-31,0.9644556123481453
350,BETA2,2012-05-31,-96.94198125091634
351,BETA3,2012-05-31,95.47171626098806
352,BETA0,2012-05-31,4.72186972404166
353,BETA1,2012-05-31,-4.711869724042002
354,TAU1,2012-06-29,0.954738236381276
355,BETA1,2012-06-29,-5.157522991610303
356,BETA0,2012-06-29,5.167522991609335
357,BETA3,2012-06-29,95.12111863500748
358,TAU2,2012-06-29,0.8989597231114539
359,BETA2,2012-06-29,-97.4267612567094
360,BETA2,2012-07-31,-97.44323674047222
361,TAU2,2012-07-31,1.1160973777482626
362,BETA0,2012-07-31,5.075999288395598
363,BETA3,2012-07-31,95.0966446252234
364,TAU1,2012-07-31,1.1731822147139777
365,BETA1,2012-07-31,-5.0659992883984915
366,BETA0,2012-08-31,4.934760459845488
367,TAU1,2012-08-31,1.042536507424326
368,BETA2,2012-08-31,-98.35306040515864
369,TAU2,2012-08-31,1.004844168516006
370,BETA1,2012-08-31,-4.924760459843145
371,BETA3,2012-08-31,94.22820317557586
372,BETA3,2012-09-28,94.47061013812454
373,TAU1,2012-09-28,1.0380712483272816
374,BETA2,2012-09-28,-98.14991762420964
375,BETA1,2012-09-28,-4.639105313484625
376,TAU2,2012-09-28,0.997588586183899
377,BETA0,2012-09-28,4.649105313482811
378,BETA1,2012-10-31,-4.810240745484214
379,TAU1,2012-10-31,1.2352597496153934
380,BETA0,2012-10-31,4.820240745487685
381,BETA2,2012-10-31,-98.43903505202589
382,BETA3,2012-10-31,94.60603433732123
383,TAU2,2012-10-31,1.1792660185572064
384,BETA2,2012-11-30,-97.60784426369092
385,TAU1,2012-11-30,1.34238478049887
386,BETA1,2012-11-30,-4.586840229318635
387,BETA0,2012-11-30,4.596840229317482
388,BETA3,2012-11-30,93.248592799659
389,TAU2,2012-11-30,1.3053273723288403
390,BETA2,2012-12-31,-126.5569921058484
391,BETA0,2012-12-31,4.421591707420438
392,TAU2,2012-12-31,1.1023262790959578
393,BETA3,2012-12-31,122.4501741228588
394,TAU1,2012-12-31,1.1391200826291163
395,BETA1,2012-12-31,-4.411591707427666
396,BETA3,2013-01-31,-44.75026045857605
397,TAU1,2013-01-31,1.125706339856622
398,TAU2,2013-01-31,1.2099106386080671
399,BETA2,2013-01-31,40.316375026579934
400,BETA1,2013-01-31,-4.514754301925799
401,BETA0,2013-01-31,4.524754301923298
402,TAU2,2013-02-28,1.276196249269397
403,TAU1,2013-02-28,1.186713010596158
404,BETA1,2013-02-28,-4.609575458760039
405,BETA2,2013-02-28,40.213516783477765
406,BETA0,2013-02-28,4.619575458759329
407,BETA3,2013-02-28,-44.805446823464955
408,BETA3,2013-03-28,-44.88374251469018
409,BETA2,2013-03-28,40.182762589990816
410,TAU1,2013-03-28,1.022060916940865
411,BETA1,2013-03-28,-4.402527239434933
412,TAU2,2013-03-28,1.100221815842759
413,BETA0,2013-03-28,4.4125272394384085
414,BETA0,2013-04-30,4.110996611036706
415,TAU1,2013-04-30,1.1083009318922097
416,BETA2,2013-04-30,39.864833660835984
417,TAU2,2013-04-30,1.1891980834157536
418,BETA3,2013-04-30,-45.28341499442956
419,BETA1,2013-04-30,-4.10099661103669
420,BETA1,2013-05-31,-4.325180372094053
421,BETA3,2013-05-31,-45.027472084617514
422,TAU1,2013-05-31,1.122719554276138
423,TAU2,2013-05-31,1.1986283850644763
424,BETA0,2013-05-31,4.335180372088725
425,BETA2,2013-05-31,39.86907042719287
426,BETA0,2013-06-28,4.464945301306069
427,TAU1,2013-06-28,0.9817600810237332
428,TAU2,2013-06-28,1.0584423427988492
429,BETA2,2013-06-28,40.24959728669421
430,BETA1,2013-06-28,-4.454945301306634
431,BETA3,2013-06-28,-44.881419598052965
432,BETA0,2013-07-31,4.621191234864712
433,BETA3,2013-07-31,-45.00180615934598
434,BETA2,2013-07-31,39.3025014293661
435,BETA1,2013-07-31,-4.611191234861545
436,TAU2,2013-07-31,1.0566655050162683
437,TAU1,2013-07-31,0.96814145777346
438,BETA0,2013-08-30,4.5803354944767065
439,BETA1,2013-08-30,-4.570335494488385
440,BETA2,2013-08-30,32.44244892933414
441,BETA3,2013-08-30,-37.71538820050633
442,TAU2,2013-08-30,1.14072018427684
443,TAU1,2013-08-30,1.0310075753032484
444,TAU1,2013-09-30,1.1927747759342318
445,BETA0,2013-09-30,4.6035923583054466
446,BETA2,2013-09-30,40.006312782565466
447,BETA1,2013-09-30,-4.593592358312473
448,TAU2,2013-09-30,1.289256826445115
449,BETA3,2013-09-30,-45.10648471807158
450,BETA1,2013-10-31,-4.548201419369227
451,BETA2,2013-10-31,40.737908108698406
452,BETA0,2013-10-31,4.558201419365784
453,BETA3,2013-10-31,-46.42185592747583
454,TAU2,2013-10-31,1.3590866669751407
455,TAU1,2013-10-31,1.2604224585764388
456,BETA2,2013-11-29,40.44530266932448
457,BETA0,2013-11-29,4.622845200159458
458,BETA3,2013-11-29,-46.617930387054706
459,TAU2,2013-11-29,1.325594530235801
460,TAU1,2013-11-29,1.2250240697492438
461,BETA1,2013-11-29,-4.612845200160062
462,TAU1,2013-12-31,0.9708409893706512
463,BETA1,2013-12-31,-4.5187760161362425
464,BETA2,2013-12-31,40.524762745387065
465,BETA3,2013-12-31,-46.53099929282794
466,TAU2,2013-12-31,1.0713495783476192
467,BETA0,2013-12-31,4.534221036123389
468,BETA1,2014-01-31,-4.3166967347903
469,TAU2,2014-01-31,1.21965540823697
470,BETA2,2014-01-31,40.52743103538652
471,TAU1,2014-01-31,1.112565408338208
472,BETA0,2014-01-31,4.326696734788896
473,BETA3,2014-01-31,-46.64273777550634
474,BETA0,2014-02-28,4.234344372013451
475,BETA1,2014-02-28,-4.2243443720301235
476,BETA2,2014-02-28,40.45874156476576
477,BETA3,2014-02-28,-46.52836326056675
478,TAU1,2014-02-28,1.1266692576635715
479,TAU2,2014-02-28,1.2273799106711187
480,BETA3,2014-03-31,-46.593938150823675
481,TAU1,2014-03-31,1.02636296899698
482,TAU2,2014-03-31,1.1325247777153291
483,BETA2,2014-03-31,40.49928409158386
484,BETA0,2014-03-31,4.091334923543722
485,BETA1,2014-03-31,-4.081334923542368
486,BETA3,2014-04-30,-46.5444240244036
487,TAU2,2014-04-30,1.1939365948635083
488,BETA1,2014-04-30,-4.011981565454045
489,BETA2,2014-04-30,40.54281406853989
490,BETA0,2014-04-30,4.02198156545182
491,TAU1,2014-04-30,1.0794491594560094
492,TAU1,2014-05-30,1.2148785834869935
493,BETA3,2014-05-30,-48.88273719379109
494,BETA2,2014-05-30,43.018689914079886
495,TAU2,2014-05-30,1.3202181669106865
496,BETA0,2014-05-30,3.951864701075135
497,BETA1,2014-05-30,-3.941864701035703
498,TAU1,2014-06-30,1.3342488765799223
499,BETA2,2014-06-30,40.407353963004915
500,BETA0,2014-06-30,3.9340865153696094
501,TAU2,2014-06-30,1.4460154527803712
502,BETA1,2014-06-30,-3.924086515363912
503,BETA3,2014-06-30,-46.60841960378113
504,BETA3,2014-07-31,-46.498993329419186
505,BETA1,2014-07-31,-3.733039075534742
506,TAU2,2014-07-31,1.470021990711749
507,TAU1,2014-07-31,1.3665018110203226
508,BETA0,2014-07-31,3.7430390755309126
509,BETA2,2014-07-31,40.51136898523624
510,BETA2,2014-08-29,40.68954696288266
511,TAU1,2014-08-29,1.4486644353885465
512,BETA3,2014-08-29,-46.10831600965213
513,BETA1,2014-08-29,-3.317807898097699
514,TAU2,2014-08-29,1.5456064882704614
515,BETA0,2014-08-29,3.327807898117314
516,BETA1,2014-09-30,-3.552446962061065
517,BETA0,2014-09-30,3.5624469620369275
518,BETA3,2014-09-30,-46.376412652158905
519,TAU1,2014-09-30,1.480632364910094
520,BETA2,2014-09-30,40.41135709744069
521,TAU2,2014-09-30,1.592544381510495
522,BETA3,2014-10-31,-46.09062563927379
523,BETA2,2014-10-31,40.62688108615464
524,TAU1,2014-10-31,1.562753939570691
525,BETA0,2014-10-31,3.480455077275956
526,BETA1,2014-10-31,-3.470455077273955
527,TAU2,2014-10-31,1.6812499288940983
528,BETA2,2014-11-28,40.754862297229984
529,TAU2,2014-11-28,1.938049193242096
530,TAU1,2014-11-28,1.8175138871743008
531,BETA0,2014-11-28,3.364745513928223
532,BETA1,2014-11-28,-3.3547455139685347
533,BETA3,2014-11-28,-45.95759311367137
534,BETA3,2014-12-31,-45.700076724733755
535,TAU1,2014-12-31,1.87732404200004
536,TAU2,2014-12-31,1.9852053201080408
537,BETA1,2014-12-31,-3.0531444180815863
538,BETA0,2014-12-31,3.063144418102317
539,BETA2,2014-12-31,40.957007434566776
540,BETA0,2015-01-30,2.3891070157593055
541,BETA2,2015-01-30,28.049986594515225
542,BETA3,2015-01-30,-31.690019487336603
543,TAU2,2015-01-30,2.20903943152584
544,BETA1,2015-01-30,-2.3791070157672456
545,TAU1,2015-01-30,2.115854375126953
546,TAU1,2015-02-27,2.0462815458677537
547,BETA2,2015-02-27,25.63885049359463
548,BETA1,2015-02-27,-2.277845705002765
549,BETA3,2015-02-27,-29.496174817143817
550,TAU2,2015-02-27,2.1367875344298097
551,BETA0,2015-02-27,2.2878457049812297
552,BETA3,2015-03-31,-29.07849372519313
553,BETA2,2015-03-31,26.06653345023765
554,BETA1,2015-03-31,-1.873245426974767
555,TAU1,2015-03-31,2.291593372304221
556,BETA0,2015-03-31,1.8832454270530328
557,TAU2,2015-03-31,2.316088823993332
558,BETA3,2015-04-30,-45.04105215592765
559,BETA0,2015-04-30,2.2719709155515915
560,BETA1,2015-04-30,-2.4003151337886712
561,BETA2,2015-04-30,41.6076311351213
562,TAU1,2015-04-30,1.9887523261281153
563,TAU2,2015-04-30,2.0399360101291686
564,BETA1,2015-05-29,-2.549278882987257
565,BETA3,2015-05-29,-44.340046032610495
566,TAU2,2015-05-29,3.3347663831344376
567,TAU1,2015-05-29,3.444434016274412
568,BETA2,2015-05-29,42.20539714528654
569,BETA0,2015-05-29,2.496814943783121
570,BETA2,2015-06-30,43.86158797635591
571,BETA0,2015-06-30,2.161977051358552
572,BETA1,2015-06-30,-2.242530083024924
573,TAU2,2015-06-30,4.633895397463647
574,TAU1,2015-06-30,5.057433223056135
575,BETA3,2015-06-30,-42.57934117865493
576,BETA2,2015-07-31,43.20279078218395
577,BETA0,2015-07-31,2.0524683615209893
578,TAU2,2015-07-31,4.323831048603702
579,BETA1,2015-07-31,-2.1254275285099307
580,TAU1,2015-07-31,4.666169219482016
581,BETA3,2015-07-31,-43.19800983893424
582,BETA1,2015-08-31,-2.2525708855382884
583,BETA2,2015-08-31,43.32266959803837
584,BETA0,2015-08-31,2.165379474056146
585,TAU2,2015-08-31,4.42464147393068
586,TAU1,2015-08-31,4.775477118027222
587,BETA3,2015-08-31,-43.03097333126629
588,TAU2,2015-09-30,4.193804298094255
589,TAU1,2015-09-30,4.431072282070366
590,BETA2,2015-09-30,42.59181025939693
591,BETA0,2015-09-30,2.5217224311254633
592,BETA3,2015-09-30,-43.747324601588005
593,BETA1,2015-09-30,-2.5989271641537055
594,BETA0,2015-10-30,2.732473121795656
595,BETA3,2015-10-30,-42.9637658872021
596,TAU1,2015-10-30,1.5739460158979486
597,BETA2,2015-10-30,38.19582081396544
598,TAU2,2015-10-30,1.670264923341832
599,BETA1,2015-10-30,-2.9904731217980074
600,BETA0,2015-11-30,2.8622042411178974
601,TAU1,2015-11-30,1.7186792475577315
602,TAU2,2015-11-30,1.827343503769483
603,BETA2,2015-11-30,37.990573785817766
604,BETA1,2015-11-30,-3.1472042411087373
605,BETA3,2015-11-30,-43.14422702744415
606,TAU1,2015-12-30,1.5903668450650084
607,BETA2,2015-12-30,37.9604364218043
608,BETA0,2015-12-30,3.0270306293534044
609,TAU2,2015-12-30,1.6993037957218444
610,BETA1,2015-12-30,-3.3810306293426633
611,BETA3,2015-12-30,-43.11120811959916
612,BETA3,2016-01-29,-43.00607032523182
613,BETA2,2016-01-29,38.04062122550769
614,BETA0,2016-01-29,2.6368725150850416
615,TAU1,2016-01-29,1.6006279324116042
616,BETA1,2016-01-29,-2.936872515133985
617,TAU2,2016-01-29,1.7054018159804316
618,BETA3,2016-02-29,-42.893825237898405
619,TAU1,2016-02-29,1.637467882218906
620,BETA0,2016-02-29,2.4503892716735938
621,BETA1,2016-02-29,-2.7423892716711937
622,BETA2,2016-02-29,38.16306203480363
623,TAU2,2016-02-29,1.7361870672890074
624,BETA1,2016-03-31,-2.727381382936069
625,BETA3,2016-03-31,-42.70525278927976
626,TAU1,2016-03-31,1.6935090957963652
627,BETA2,2016-03-31,38.31891933700652
628,TAU2,2016-03-31,1.7960991506294168
629,BETA0,2016-03-31,2.359381382941789
630,BETA1,2016-04-29,-3.0788085162178955
631,BETA0,2016-04-29,2.64180851621211
632,TAU2,2016-04-29,1.7523559778604896
633,BETA3,2016-04-29,-42.876177204085145
634,TAU1,2016-04-29,1.6477456227778062
635,BETA2,2016-04-29,38.13260556284224
636,BETA0,2016-05-31,2.518601643621831
637,BETA3,2016-05-31,-42.7502274108485
638,BETA2,2016-05-31,38.2492937419447
639,BETA1,2016-05-31,-2.978601643619559
640,TAU2,2016-05-31,1.914201651195203
641,TAU1,2016-05-31,1.8151195188214728
642,TAU2,2016-06-30,1.7554294285066174
643,BETA3,2016-06-30,-42.36004817875666
644,BETA0,2016-06-30,1.8728080517837669
645,BETA1,2016-06-30,-2.363808051789897
646,BETA2,2016-06-30,38.63071729320111
647,TAU1,2016-06-30,1.6742474059925907
648,TAU1,2016-07-29,1.5703305171475728
649,BETA1,2016-07-29,-2.165778396923732
650,BETA3,2016-07-29,-42.26460649718048
651,BETA2,2016-07-29,38.72505746914087
652,TAU2,2016-07-29,1.6568849477525447
653,BETA0,2016-07-29,1.688778396937333
654,BETA3,2016-08-31,-42.27635843261734
655,BETA0,2016-08-31,1.7253993024583227
656,BETA1,2016-08-31,-2.2603993024424347
657,TAU2,2016-08-31,1.685812024440254
658,BETA2,2016-08-31,38.71056097596513
659,TAU1,2016-08-31,1.595325195924986
660,BETA1,2016-09-30,-2.4383125621663564
661,TAU1,2016-09-30,1.6189978308415016
662,BETA3,2016-09-30,-42.30232892555441
663,BETA0,2016-09-30,1.797288633318162
664,TAU2,2016-09-30,1.7211250529398745
665,BETA2,2016-09-30,38.67920288579141
666,BETA3,2016-10-31,-42.400356847288855
667,BETA2,2016-10-31,38.53681992984662
668,TAU2,2016-10-31,1.7559053803519789
669,BETA1,2016-10-31,-2.852919817924296
670,BETA0,2016-10-31,2.2129198179234915
671,TAU1,2016-10-31,1.658506367495146
672,BETA0,2016-11-30,2.513048030785157
673,BETA2,2016-11-30,38.23233207768892
674,TAU2,2016-11-30,1.7008967813767704
675,BETA1,2016-11-30,-3.0723424730887254
676,BETA3,2016-11-30,-42.61774197626105
677,TAU1,2016-11-30,1.6153717702500137
678,BETA2,2016-12-30,37.976560237187265
679,BETA1,2016-12-30,-3.1263023893057347
680,BETA3,2016-12-30,-42.868979206603406
681,BETA0,2016-12-30,2.4843023892723233
682,TAU2,2016-12-30,1.5522782236948358
683,TAU1,2016-12-30,1.4541324743427624
684,BETA3,2017-01-31,-43.092847517109256
685,BETA0,2017-01-31,2.8733622182651457
686,BETA1,2017-01-31,-3.338362218268939
687,BETA2,2017-01-31,37.726909874745445
688,TAU1,2017-01-31,1.4094589720051585
689,TAU2,2017-01-31,1.4995270983336153
690,TAU2,2017-02-28,1.6427778240007749
691,TAU1,2017-02-28,1.556185269010437
692,BETA3,2017-02-28,-42.92342333999241
693,BETA2,2017-02-28,37.8911724468134
694,BETA0,2017-02-28,2.7173356783421356
695,BETA1,2017-02-28,-3.2763356783594824
696,TAU1,2017-03-31,1.503477326383172
697,TAU2,2017-03-31,1.5984550380723253
698,BETA0,2017-03-31,2.814346207054997
699,BETA3,2017-03-31,-42.85815750353022
700,BETA1,2017-03-31,-3.421346207017113
701,BETA2,2017-03-31,37.92203238988486
702,BETA1,2017-04-28,-3.3194712638936497
703,BETA3,2017-04-28,-42.840433462211166
704,TAU2,2017-04-28,1.8027381233006436
705,BETA0,2017-04-28,2.8114712639001027
706,BETA2,2017-04-28,37.91777264171165
707,TAU1,2017-04-28,1.723774158991617
708,BETA0,2017-05-31,2.9261845648910985
709,BETA1,2017-05-31,-3.4671845648923063
710,BETA2,2017-05-31,37.932299276606784
711,TAU1,2017-05-31,2.0007198024594275
712,TAU2,2017-05-31,2.0828042469611856
713,BETA3,2017-05-31,-42.80913658323187
714,BETA1,2017-06-30,-3.333203077152022
715,TAU1,2017-06-30,1.7334115576537743
716,BETA2,2017-06-30,38.03534571516412
717,BETA3,2017-06-30,-42.656856444288195
718,TAU2,2017-06-30,1.8026567307495855
719,BETA0,2017-06-30,2.7772030771523912
720,BETA2,2017-07-31,37.8982996261108
721,TAU2,2017-07-31,1.8825412298009088
722,BETA1,2017-07-31,-3.392406853669986
723,BETA3,2017-07-31,-42.74946564872106
724,TAU1,2017-07-31,1.821872672021845
725,BETA0,2017-07-31,2.8686754217505173
726,BETA0,2017-08-31,2.740611375207231
727,TAU1,2017-08-31,1.8405981946301553
728,BETA3,2017-08-31,-42.69462375546779
729,TAU2,2017-08-31,1.9075540551247427
730,BETA1,2017-08-31,-3.2739124819406644
731,BETA2,2017-08-31,37.940029536354366
732,BETA2,2017-09-29,37.7543428410616
733,BETA1,2017-09-29,-3.344629312445091
734,TAU1,2017-09-29,1.4257864886680267
735,BETA0,2017-09-29,2.7446293124447014
736,TAU2,2017-09-29,1.5076467665673212
737,BETA3,2017-09-29,-42.857542925559294
738,BETA3,2017-10-31,-42.746741128302006
739,TAU1,2017-10-31,1.6428286096646132
740,TAU2,2017-10-31,1.7190850097133088
741,BETA0,2017-10-31,2.6727311752056724
742,BETA2,2017-10-31,37.82679506271497
743,BETA1,2017-10-31,-3.260731175205275
744,BETA0,2017-11-30,2.595189199139351
745,BETA3,2017-11-30,-42.69660208261725
746,TAU1,2017-11-30,1.6418560395188582
747,TAU2,2017-11-30,1.7143274145785137
748,BETA2,2017-11-30,37.91990833891111
749,BETA1,2017-11-30,-3.2081891991402274
750,BETA0,2017-12-29,2.713612685578702
751,BETA2,2017-12-29,38.1306017352512
752,BETA3,2017-12-29,-42.46053433793647
753,TAU1,2017-12-29,1.8470727116384196
754,TAU2,2017-12-29,1.9009651538873111
755,BETA1,2017-12-29,-3.3266126855812503
756,BETA1,2018-01-31,-3.0879309571299247
757,TAU2,2018-01-31,1.8094780743712913
758,BETA0,2018-01-31,2.5739309571329057
759,TAU1,2018-01-31,1.78008279268572
760,BETA3,2018-01-31,-42.28189643634426
761,BETA2,2018-01-31,38.29746518804494
762,BETA1,2018-02-28,-3.0475710190388887
763,BETA3,2018-02-28,-42.34529288702817
764,TAU1,2018-02-28,1.6827931098003828
765,BETA2,2018-02-28,38.217774943689975
766,TAU2,2018-02-28,1.7121302946223127
767,BETA0,2018-02-28,2.548571019078807
768,BETA2,2018-03-29,38.609295507503866
769,BETA1,2018-03-29,-2.9445094864476022
770,TAU1,2018-03-29,2.427868026847603
771,TAU2,2018-03-29,2.4156088793222077
772,BETA0,2018-03-29,2.430598476247926
773,BETA3,2018-03-29,-41.937180424127554
774,BETA3,2018-04-30,-41.750982608881735
775,BETA0,2018-04-30,2.505825418059899
776,TAU1,2018-04-30,2.697195112482698
777,BETA2,2018-04-30,38.77122674036873
778,BETA1,2018-04-30,-3.0066294063098273
779,TAU2,2018-04-30,2.663619242320324
780,BETA2,2018-05-31,39.1650768670204
781,BETA1,2018-05-31,-3.4539080979307695
782,TAU2,2018-05-31,3.671593157415059
783,BETA0,2018-05-31,2.9449080978584483
784,TAU1,2018-05-31,3.582318384585715
785,BETA3,2018-05-31,-41.18383301082013
786,BETA2,2018-06-29,39.05021668212755
787,TAU2,2018-06-29,4.235509230806348
788,BETA0,2018-06-29,3.1178067849742632
789,TAU1,2018-06-29,4.177093041836112
790,BETA3,2018-06-29,-41.40528970761323
791,BETA1,2018-06-29,-3.621648841325874
792,BETA2,2018-07-31,38.93179520940301
793,BETA1,2018-07-31,-3.384335047743834
794,TAU2,2018-07-31,3.356245572482514
795,BETA3,2018-07-31,-41.485060978537994
796,TAU1,2018-07-31,3.303320840940256
797,BETA0,2018-07-31,2.90836926554763
798,BETA0,2018-08-31,2.8376107885613333
799,TAU2,2018-08-31,3.3951787294781535
800,BETA3,2018-08-31,-41.13588508975958
801,TAU1,2018-08-31,3.3250310039098805
802,BETA2,2018-08-31,39.27112891164685
803,BETA1,2018-08-31,-3.252610788542647
804,TAU2,2018-09-28,3.508499314909444
805,TAU1,2018-09-28,3.4514113459390514
806,BETA2,2018-09-28,39.55384253371746
807,BETA3,2018-09-28,-40.83775342210795
808,BETA1,2018-09-28,-3.1703198747129457
809,BETA0,2018-09-28,2.712319874712029
810,TAU2,2018-10-31,3.816544206894221
811,BETA3,2018-10-31,-40.38428846443052
812,BETA1,2018-10-31,-2.937019378691568
813,TAU1,2018-10-31,3.77540849327828
814,BETA2,2018-10-31,39.988737852644206
815,BETA0,2018-10-31,2.4272830794168887
816,BETA0,2018-11-30,2.7743226897905755
817,TAU2,2018-11-30,4.0121624166198036
818,BETA3,2018-11-30,-40.7429469484212
819,TAU1,2018-11-30,3.981919489926399
820,BETA1,2018-11-30,-3.3270962571085256
821,BETA2,2018-11-30,39.61463466536606
822,BETA1,2018-12-28,-3.1580702763972037
823,BETA3,2018-12-28,-13.856173748762448
824,BETA0,2018-12-28,2.672070642545579
825,TAU1,2018-12-28,2.798125645321752
826,BETA2,2018-12-28,11.37648564714971
827,TAU2,2018-12-28,2.8597826081408084
828,BETA0,2019-01-31,2.8093987569252294
829,TAU2,2019-01-31,3.452987250397205
830,TAU1,2019-01-31,3.281420242846444
831,BETA2,2019-01-31,10.556005580125044
832,BETA3,2019-01-31,-13.480587817598408
833,BETA1,2019-01-31,-3.226398756925401
834,TAU1,2019-02-28,3.245017371625516
835,BETA0,2019-02-28,2.9078860244020883
836,BETA2,2019-02-28,10.440167642757697
837,TAU2,2019-02-28,3.445141895877109
838,BETA3,2019-02-28,-13.501418803828352
839,BETA1,2019-02-28,-3.2898860244026036
840,TAU2,2019-03-29,3.5289676849481655
841,TAU1,2019-03-29,3.1648856232766844
842,BETA0,2019-03-29,2.7698341741431425
843,BETA3,2019-03-29,-13.637214960857404
844,BETA2,2019-03-29,10.312821983260202
845,BETA1,2019-03-29,-3.2408341741169147
846,TAU1,2019-04-30,3.5810523283505216
847,BETA3,2019-04-30,-13.676668278908291
848,BETA0,2019-04-30,2.921855532736592
849,BETA1,2019-04-30,-3.331855532732233
850,BETA2,2019-04-30,10.10392949337374
851,TAU2,2019-04-30,4.020681694254828
852,BETA3,2019-05-31,-13.798546217699604
853,BETA2,2019-05-31,9.996474020070783
854,BETA0,2019-05-31,2.764445606212688
855,BETA1,2019-05-31,-3.2306573419835978
856,TAU2,2019-05-31,3.891456831448358
857,TAU1,2019-05-31,3.254052153421835
858,BETA0,2019-06-28,2.6051617589688503
859,TAU2,2019-06-28,3.7000091675210136
860,BETA3,2019-06-28,-14.164277501239328
861,BETA2,2019-06-28,9.755055165406588
862,TAU1,2019-06-28,2.972757822566517
863,BETA1,2019-06-28,-3.1143911460209983
864,BETA3,2019-07-31,-14.247241955558506
865,TAU2,2019-07-31,3.3860073567736904
866,TAU1,2019-07-31,2.6997667327982655
867,BETA1,2019-07-31,-2.8843352362564185
868,BETA2,2019-07-31,9.65702357762898
869,BETA0,2019-07-31,2.331520350266559
870,BETA0,2019-08-30,1.42522457188
871,TAU1,2019-08-30,3.5333023795348275
872,BETA3,2019-08-30,-13.365847423679384
873,BETA1,2019-08-30,-1.953224571866756
874,TAU2,2019-08-30,3.759901476387315
875,BETA2,2019-08-30,10.432867729654886
876,BETA3,2019-09-30,-18.271255188965288
877,BETA0,2019-09-30,1.6159521223464697
878,TAU2,2019-09-30,3.4018538414091695
879,BETA1,2019-09-30,-2.1558328543364245
880,TAU1,2019-09-30,3.1567944341586704
881,BETA2,2019-09-30,15.063473645999682
882,TAU2,2019-10-31,3.686050437733663
883,BETA1,2019-10-31,-2.3374125206037557
884,BETA0,2019-10-31,1.8204125205912125
885,BETA2,2019-10-31,15.089005955757187
886,BETA3,2019-10-31,-18.197897739179677
887,TAU1,2019-10-31,3.4312759563627173
888,BETA1,2019-11-29,-2.5786372755185645
889,BETA2,2019-11-29,15.292192866664182
890,BETA0,2019-11-29,2.0656372755495407
891,TAU1,2019-11-29,4.604597485639604
892,TAU2,2019-11-29,4.725170720384437
893,BETA3,2019-11-29,-17.957907462538255
894,BETA0,2019-12-30,2.3137138091481337
895,TAU2,2019-12-30,5.207610587525984
896,BETA2,2019-12-30,18.928714706822657
897,BETA1,2019-12-30,-2.870713808942918
898,BETA3,2019-12-30,-21.391155829933563
899,TAU1,2019-12-30,5.0960242859149805
900,BETA0,2020-01-31,2.0836497628788946
901,BETA1,2020-01-31,-2.599649762879074
902,BETA3,2020-01-31,-17.05163770064903
903,TAU2,2020-01-31,4.423874097619084
904,TAU1,2020-01-31,4.098672367391731
905,BETA2,2020-01-31,13.443935394565171
906,TAU2,2020-02-28,9.011631399643395
907,TAU1,2020-02-28,8.95667012226724
908,BETA0,2020-02-28,2.5940986889842828
909,BETA2,2020-02-28,8.663316702294786
910,BETA3,2020-02-28,-11.358715380650578
911,BETA1,2020-02-28,-3.124913702277712
912,TAU1,2020-03-31,1.8466334076217783
913,BETA2,2020-03-31,8.190467509833915
914,BETA3,2020-03-31,-10.701638848832076
915,BETA0,2020-03-31,1.3997565060118484
916,BETA1,2020-03-31,-1.8245609481715672
917,TAU2,2020-03-31,2.1231694422716756
918,BETA3,2020-04-30,-9.981835606984523
919,BETA0,2020-04-30,1.8593927552178096
920,TAU1,2020-04-30,6.016857170069332
921,BETA1,2020-04-30,-2.2223927552057496
922,TAU2,2020-04-30,6.028170529812017
923,BETA2,2020-04-30,8.686311901604224
924,TAU2,2020-05-29,3.2341141263020874
925,BETA3,2020-05-29,-10.90539358642534
926,BETA1,2020-05-29,-2.095269807672782
927,BETA0,2020-05-29,1.667269807683891
928,BETA2,2020-05-29,7.966228813910182
929,TAU1,2020-05-29,2.8907692257128663
930,TAU1,2020-06-30,3.181264889282707
931,BETA2,2020-06-30,7.990327138259845
932,BETA3,2020-06-30,-10.783601868173282
933,BETA0,2020-06-30,1.495364469149906
934,TAU2,2020-06-30,3.423062929040934
935,BETA1,2020-06-30,-1.9691212420129756
936,BETA2,2020-07-31,7.804597929490657
937,TAU1,2020-07-31,2.4252762252793967
938,TAU2,2020-07-31,2.8208049384334384
939,BETA1,2020-07-31,-1.8245543515804588
940,BETA3,2020-07-31,-10.844761363185915
941,BETA0,2020-07-31,1.3125543515861862
942,BETA3,2020-08-31,-10.530747532122689
943,TAU2,2020-08-31,3.2971586791505123
944,TAU1,2020-08-31,3.065635642244916
945,BETA0,2020-08-31,1.382859238349687
946,BETA2,2020-08-31,7.974634226473356
947,BETA1,2020-08-31,-1.917273533263146
948,BETA2,2020-09-30,7.875526812013569
949,BETA1,2020-09-30,-1.8509295203211755
950,TAU2,2020-09-30,3.4189322000574487
951,BETA3,2020-09-30,-10.542509213696976
952,TAU1,2020-09-30,3.099749865590118
953,BETA0,2020-09-30,1.285720661457307
954,BETA2,2020-10-30,7.855779819984113
955,TAU2,2020-10-30,2.5831515857301635
956,BETA0,2020-10-30,0.9730688014235463
957,TAU1,2020-10-30,2.30653424233521
958,BETA3,2020-10-30,-10.510368382483987
959,BETA1,2020-10-30,-1.5960688014113975
960,BETA1,2020-11-30,-1.6916725399843655
961,BETA0,2020-11-30,1.0719638896183927
962,BETA2,2020-11-30,7.770947387442517
963,TAU1,2020-11-30,2.723538739715784
964,TAU2,2020-11-30,3.0181514571469785
965,BETA3,2020-11-30,-10.53779952026033
966,TAU1,2020-12-30,2.417859379639513
967,BETA2,2020-12-30,11.09821086231111
968,BETA0,2020-12-30,0.9890275874869984
969,BETA3,2020-12-30,-13.715138739924988
970,TAU2,2020-12-30,2.664517475739059
971,BETA1,2020-12-30,-1.6783603847144817
972,BETA1,2021-01-29,-1.7955308028513617
973,BETA3,2021-01-29,-9.195265344699866
974,BETA0,2021-01-29,1.2275250599456151
975,BETA2,2021-01-29,6.048457180262701
976,TAU1,2021-01-29,2.548661110836599
977,TAU2,2021-01-29,2.9852294661436805
978,BETA0,2021-02-26,1.402181120996711
979,BETA1,2021-02-26,-1.937181121008351
980,BETA3,2021-02-26,-9.09847203652053
981,BETA2,2021-02-26,6.08464180108057
982,TAU1,2021-02-26,2.2636400399567185
983,TAU2,2021-02-26,2.5595465082547664
984,BETA0,2021-03-31,1.5246800655358463
985,BETA1,2021-03-31,-2.1331652359873208
986,BETA3,2021-03-31,-9.242800912045215
987,TAU2,2021-03-31,2.658957160909641
988,TAU1,2021-03-31,2.2506481841034005
989,BETA2,2021-03-31,5.807233496640709
990,BETA2,2021-04-30,5.8888642121819395
991,BETA1,2021-04-30,-2.3192682340131805
992,BETA3,2021-04-30,-9.075013866037692
993,TAU2,2021-04-30,3.12179029049368
994,TAU1,2021-04-30,2.876565057111881
995,BETA0,2021-04-30,1.7382682340382667
996,BETA0,2021-05-31,1.6318488905962534
997,BETA3,2021-05-31,-9.09200050031626
998,BETA2,2021-05-31,5.702466191721033
999,TAU1,2021-05-31,2.2250903149935857
1000,BETA1,2021-05-31,-2.226848890578049
1001,TAU2,2021-05-31,2.529027859953812
1002,TAU2,2021-06-30,2.4305777718390993
1003,BETA3,2021-06-30,-9.081409117235356
1004,BETA0,2021-06-30,1.5568597923168503
1005,TAU1,2021-06-30,2.081015142255133
1006,BETA2,2021-06-30,5.615414585728049
1007,BETA1,2021-06-30,-2.157967718931917
1008,BETA0,2021-07-30,1.3238502272054435
1009,BETA2,2021-07-30,5.600533290772973
1010,BETA3,2021-07-30,-9.073511332197008
1011,TAU2,2021-07-30,2.487809785212291
1012,BETA1,2021-07-30,-1.9388245828639907
1013,TAU1,2021-07-30,2.0811662403169304
1014,BETA1,2021-08-31,-2.034444686663325
1015,TAU1,2021-08-31,2.175072594219849
1016,TAU2,2021-08-31,2.5710683844698545
1017,BETA3,2021-08-31,-9.030735935635088
1018,BETA0,2021-08-31,1.3934446866608496
1019,BETA2,2021-08-31,5.63465806643152
1020,TAU2,2021-09-30,2.6924244171141094
1021,BETA2,2021-09-30,5.568396544275132
1022,BETA3,2021-09-30,-8.936320842422333
1023,BETA1,2021-09-30,-2.342823891208587
1024,TAU1,2021-09-30,2.297978180323143
1025,BETA0,2021-09-30,1.6478238912176049
1026,BETA2,2021-10-29,6.256098099148056
1027,BETA3,2021-10-29,-8.031959350954654
1028,TAU2,2021-10-29,2.7975217480506003
1029,BETA1,2021-10-29,-2.019176992016868
1030,BETA0,2021-10-29,1.368176992023656
1031,TAU1,2021-10-29,2.820630110500094
1032,BETA2,2021-11-30,22.648611591067706
1033,BETA0,2021-11-30,1.289460813275933
1034,TAU2,2021-11-30,2.093033693650294
1035,BETA1,2021-11-30,-2.1454608132902577
1036,TAU1,2021-11-30,1.991231886160688
1037,BETA3,2021-11-30,-25.340606163315915
1038,BETA1,2021-12-31,-2.2661843959321417
1039,BETA3,2021-12-31,-25.246750118232764
1040,TAU2,2021-12-31,2.5623532238822313
1041,BETA0,2021-12-31,1.5501843959337445
1042,BETA2,2021-12-31,22.72353939741384
1043,TAU1,2021-12-31,2.4942072061999094
1044,BETA2,2022-01-31,-1.7137113242872983
1045,TAU1,2022-01-31,3.0978271187048714
1046,BETA1,2022-01-31,-2.132635846892223
1047,TAU2,2022-01-31,0.3394599272197154
1048,BETA3,2022-01-31,-0.4876799557043563
1049,BETA0,2022-01-31,1.590105266566134
1050,BETA3,2022-02-28,-1.0731179960544388
1051,BETA1,2022-02-28,-2.2424387077874934
1052,BETA0,2022-02-28,1.8099459522278696
1053,BETA2,2022-02-28,-1.34958102368836
1054,TAU1,2022-02-28,2.8467469981755
1055,TAU2,2022-02-28,0.3868409431384346
1056,BETA2,2022-03-31,-0.5668742895806796
1057,BETA1,2022-03-31,-1.7340482649005382
1058,BETA0,2022-03-31,1.915889739489525
1059,TAU2,2022-03-31,0.2797080715018793
1060,TAU1,2022-03-31,3.02215738471564
1061,BETA3,2022-03-31,-3.013193418901944
1062,BETA1,2022-04-29,-1.6634831577859828
1063,TAU2,2022-04-29,0.25
1064,BETA3,2022-04-29,-4.290070430227775
1065,TAU1,2022-04-29,2.7447611319181884
1066,BETA2,2022-04-29,-0.936393108808171
1067,BETA0,2022-04-29,2.3769600000143463
1068,TAU1,2022-05-31,3.3480277057949457
1069,BETA3,2022-05-31,-3.2872293045318486
1070,TAU2,2022-05-31,0.25
1071,BETA0,2022-05-31,2.7915000686084612
1072,BETA1,2022-05-31,-2.250994381335481
1073,BETA2,2022-05-31,-0.3579421687567077
1074,TAU2,2022-06-30,0.7953106398744153
1075,TAU1,2022-06-30,5.578680598083401
1076,BETA1,2022-06-30,-3.5802779604799997
1077,BETA2,2022-06-30,2.957435257422002
1078,BETA3,2022-06-30,2.516566358596874
1079,BETA0,2022-06-30,2.79103946449
1080,BETA3,2022-07-29,0.8038148307534805
1081,BETA0,2022-07-29,1.98498239875
1082,BETA2,2022-07-29,3.532835932167098
1083,TAU1,2022-07-29,9.461961002529971
1084,BETA1,2022-07-29,-2.08558239875
1085,TAU2,2022-07-29,0.5441627689646298
1086,TAU1,2022-08-31,6.922097422687057
1087,TAU2,2022-08-31,0.8517591875267573
1088,BETA0,2022-08-31,2.3501920349
1089,BETA2,2022-08-31,4.301154894686532
1090,BETA3,2022-08-31,4.006177158886736
1091,BETA1,2022-08-31,-2.9701920349
1092,BETA3,2022-09-30,4.811958118099222
1093,BETA1,2022-09-30,-2.8369305390857007
1094,BETA0,2022-09-30,2.7717283049345
1095,TAU1,2022-09-30,6.174099919630751
1096,BETA2,2022-09-30,4.472201478723741
1097,TAU2,2022-09-30,0.6239055759334485
1098,BETA2,2022-10-31,4.799840266554162
1099,TAU2,2022-10-31,0.5379225730219883
1100,BETA3,2022-10-31,4.9192322056625315
1101,BETA0,2022-10-31,2.63019203940239
1102,TAU1,2022-10-31,6.932769071247835
1103,BETA1,2022-10-31,-2.4176620394023898
1104,TAU2,2022-11-30,0.5110388686290912
1105,TAU1,2022-11-30,6.251752165862328
1106,BETA3,2022-11-30,3.802195435275052
1107,BETA2,2022-11-30,3.305245734741846
1108,BETA0,2022-11-30,2.41090239094096
1109,BETA1,2022-11-30,-1.6327733515509602
1110,BETA3,2022-12-30,3.959498488570496
1111,TAU2,2022-12-30,0.6345874392131473
1112,TAU1,2022-12-30,8.430653462401029
1113,BETA2,2022-12-30,5.201385448882664
1114,BETA1,2022-12-30,-1.2099799279810903
1115,BETA0,2022-12-30,2.3919029309210904
1116,BETA2,2023-01-31,4.407640357026672
1117,BETA0,2023-01-31,2.010923092034
1118,BETA1,2023-01-31,-0.2959230920339999
1119,TAU2,2023-01-31,0.4644915021599158
1120,BETA3,2023-01-31,3.0929399742112813
1121,TAU1,2023-01-31,11.520210722088017
1122,TAU2,2023-02-28,0.5991218709549626
1123,BETA2,2023-02-28,5.116665905772413
1124,BETA3,2023-02-28,2.8283138604007005
1125,TAU1,2023-02-28,13.295636261283931
1126,BETA1,2023-02-28,0.32090636199
1127,BETA0,2023-02-28,1.9192839284
1128,TAU1,2023-03-31,7.248500722534471
1129,BETA1,2023-03-31,1.26009055695857
1130,BETA0,2023-03-31,1.71909182328143
1131,BETA2,2023-03-31,33.1032282795059
1132,TAU2,2023-03-31,6.450141234428893
1133,BETA3,2023-03-31,-30.003938565899745
1134,BETA3,2023-04-28,-29.96867528181163
1135,TAU2,2023-04-28,6.7355946692378375
1136,BETA2,2023-04-28,32.999581441879194
1137,BETA0,2023-04-28,1.71019302019423
1138,BETA1,2023-04-28,1.4099973727487698
1139,TAU1,2023-04-28,7.689569750067861
1140,TAU1,2023-05-31,7.7909130176
1141,BETA1,2023-05-31,1.6687450679
1142,BETA2,2023-05-31,15.6243498035
1143,TAU2,2023-05-31,5.4572366433
1144,BETA3,2023-05-31,-13.1821008489
1145,BETA0,2023-05-31,1.6300581964
1146,BETA1,2023-06-30,1.5230380499
1147,TAU1,2023-06-30,0.6472704394
1148,BETA2,2023-06-30,3.41423009
1149,BETA3,2023-06-30,5.4767261862
1150,TAU2,2023-06-30,12.8455244779
1151,BETA0,2023-06-30,1.6096553537
1152,BETA3,2023-07-31,5.1688307326
1153,BETA2,2023-07-31,2.7430369462
1154,TAU2,2023-07-31,13.3344843885
1155,BETA1,2023-07-31,1.5406018029
1156,TAU1,2023-07-31,0.5595197286
1157,BETA0,2023-07-31,1.8013760582
1158,BETA1,2023-08-31,1.624108295
1159,BETA2,2023-08-31,2.9454912638
1160,BETA0,2023-08-31,1.7147542121
1161,BETA3,2023-08-31,5.6033676898
1162,TAU1,2023-08-31,0.5125765908
1163,TAU2,2023-08-31,13.2306597287
1164,BETA3,2023-09-29,7.0078311453
1165,BETA2,2023-09-29,2.8882861835
1166,TAU2,2023-09-29,12.5842042177
1167,BETA1,2023-09-29,1.821704101
1168,BETA0,2023-09-29,1.7319460492
1169,TAU1,2023-09-29,0.5615052328
1170,TAU2,2023-10-31,14.2260521405
1171,BETA3,2023-10-31,6.7647984128
1172,TAU1,2023-10-31,0.5884353281
1173,BETA0,2023-10-31,1.9056423859
1174,BETA2,2023-10-31,1.4467393969
1175,BETA1,2023-10-31,2.0251301636
1176,TAU2,2023-11-30,14.9160397971
1177,BETA1,2023-11-30,1.876968135
1178,BETA0,2023-11-30,2.1463045485
1179,BETA3,2023-11-30,5.3265312525
1180,BETA2,2023-11-30,-2.1633306635
1181,TAU1,2023-11-30,1.920566604
1182,BETA1,2023-12-29,1.7638404256
1183,BETA0,2023-12-29,2.4667807517
1184,BETA3,2023-12-29,2.9551844298
1185,BETA2,2023-12-29,-3.7194271555
1186,TAU2,2023-12-29,15.5937716614
1187,TAU1,2023-12-29,1.5924133672
1188,BETA0,2024-01-31,2.5119545878
1189,BETA1,2024-01-31,1.7181279555
1190,TAU2,2024-01-31,15.1649807042
1191,TAU1,2024-01-31,1.6142933941
1192,BETA3,2024-01-31,3.2294609784
1193,BETA2,2024-01-31,-3.5953256131
1194,BETA3,2024-02-29,3.8688907608
1195,BETA2,2024-02-29,-2.0471421995
1196,BETA0,2024-02-29,2.2882833355
1197,TAU1,2024-02-29,1.8706309146
1198,BETA1,2024-02-29,1.8030894458
1199,TAU2,2024-02-29,15.8878379233
1200,TAU1,2024-03-28,1.7788688186
1201,BETA2,2024-03-28,-2.2184669
1202,BETA3,2024-03-28,3.5922702211
1203,BETA0,2024-03-28,2.2557917111
1204,TAU2,2024-03-28,15.7733618227
1205,BETA1,2024-03-28,1.8238141523
1206,TAU1,2024-04-30,1.7834256813
1207,BETA3,2024-04-30,4.1897765695
1208,TAU2,2024-04-30,15.6658968206
1209,BETA2,2024-04-30,-1.3686543269
1210,BETA1,2024-04-30,1.7658357032
1211,BETA0,2024-04-30,2.2056785781
1212,TAU2,2024-05-31,15.1345292855
1213,TAU1,2024-05-31,1.9687465054
1214,BETA3,2024-05-31,4.7273090925
1215,BETA1,2024-05-31,1.7476047044
1216,BETA2,2024-05-31,-1.1286845152
1217,BETA0,2024-05-31,2.0786115011
1218,BETA2,2024-06-28,-1.7422512671
1219,TAU1,2024-06-28,2.3514860292
1220,BETA0,2024-06-28,2.0481262295
1221,BETA1,2024-06-28,1.6648224734
1222,BETA3,2024-06-28,5.1893215841
1223,TAU2,2024-06-28,14.5513370504
1224,BETA1,2024-07-31,1.7082962325
1225,TAU1,2024-07-31,2.4670815822
1226,BETA2,2024-07-31,-2.5324488474
1227,TAU2,2024-07-31,14.4594379562
1228,BETA3,2024-07-31,5.4486310511
1229,BETA0,2024-07-31,1.8743131557
1230,TAU1,2024-08-30,2.074027844
1231,BETA1,2024-08-30,1.7217808185
1232,BETA3,2024-08-30,5.5511998743
1233,BETA0,2024-08-30,1.8304292423
1234,BETA2,2024-08-30,-3.1920390187
1235,TAU2,2024-08-30,10.0980693203
1236,TAU2,2024-09-30,12.1473199558
1237,BETA3,2024-09-30,4.6612756856
1238,BETA0,2024-09-30,1.9179887719
1239,BETA1,2024-09-30,1.6889778962
1240,TAU1,2024-09-30,1.3214231836
1241,BETA2,2024-09-30,-3.1044919943
1242,TAU1,2024-10-31,0.8253054094
1243,BETA1,2024-10-31,1.6241008214
1244,BETA3,2024-10-31,5.4891191032
1245,TAU2,2024-10-31,12.5663010191
1246,BETA2,2024-10-31,-0.8985361163
1247,BETA0,2024-10-31,1.7097573508
1248,BETA3,2024-11-29,4.9664687488
1249,BETA0,2024-11-29,1.6245448746
1250,TAU2,2024-11-29,12.5185990878
1251,BETA1,2024-11-29,1.4671268427
1252,TAU1,2024-11-29,1.0869174433
1253,BETA2,2024-11-29,-1.8635827474
1254,BETA2,2024-12-30,-1.2026213505
1255,BETA3,2024-12-30,5.8250713079
1256,BETA1,2024-12-30,1.394352768
1257,BETA0,2024-12-30,1.6032144806
1258,TAU1,2024-12-30,0.7774819778
1259,TAU2,2024-12-30,12.6715282295
