Date,RF,RM_RF,SMB,MOM,SMALL LoPRIOR_RF,ME1_PRIOR2_RF,SMALL_HiPRIOR_RF,BIG_LoPRIOR_RF,ME2_PRIOR2_RF,BIG_HiPRIOR_RF,25_SMALL LoPRIOR_RF,25_ME1 PRIOR2_RF,25_ME1 PRIOR3_RF,25_ME1 PRIOR4_RF,25_SMALL HiPRIOR_RF,25_ME2 PRIOR1_RF,25_ME2 PRIOR2_RF,25_ME2 PRIOR3_RF,25_ME2 PRIOR4_RF,25_ME2 PRIOR5_RF,25_ME3 PRIOR1_RF,25_ME3 PRIOR2_RF,25_ME3 PRIOR3_RF,25_ME3 PRIOR4_RF,25_ME3 PRIOR5_RF,25_ME4 PRIOR1_RF,25_ME4 PRIOR2_RF,25_ME4 PRIOR3_RF,25_ME4 PRIOR4_RF,25_ME4 PRIOR5_RF,25_BIG LoPRIOR_RF,25_ME5 PRIOR2_RF,25_ME5 PRIOR3_RF,25_ME5 PRIOR4_RF,25_BIG HiPRIOR_RF
200409,0.11,1.5413985280299347,4.963559242090309,6.0,3.14,4.279999999999999,7.38,-0.83,0.9700000000000001,5.89,3.27,3.5100000000000002,3.9099999999999997,4.89,6.38,2.31,5.359999999999999,5.25,7.67,7.17,0.3,2.6300000000000003,3.43,3.52,7.31,1.9599999999999997,3.1100000000000003,3.77,2.23,7.31,-0.87,-0.48,-0.21000000000000002,4.2299999999999995,7.319999999999999
200410,0.11,1.3784990452496608,2.1500899866438536,1.73,2.66,2.52,0.7000000000000001,2.52,0.48,1.6199999999999999,1.5399999999999998,1.0499999999999998,2.2800000000000002,2.44,1.48,3.8400000000000003,2.45,3.48,2.18,0.65,4.27,0.9800000000000001,2.8800000000000003,1.9599999999999997,-1.58,3.25,2.56,1.5799999999999998,2.77,1.7699999999999998,3.25,0.84,-0.03,0.030000000000000013,3.65
200411,0.15,4.4986700164818485,8.753301051396944,6.75,8.11,8.06,9.709999999999999,2.0500000000000003,4.4399999999999995,6.6,9.04,7.9399999999999995,7.93,8.86,11.639999999999999,8.32,8.75,8.23,9.299999999999999,9.32,7.5,5.659999999999999,6.22,6.449999999999999,9.889999999999999,5.619999999999999,4.85,5.9799999999999995,5.9799999999999995,7.1,0.22,4.279999999999999,3.49,5.199999999999999,7.75
200412,0.16,3.397580592015479,3.745307083883767,1.34,5.42,2.23,2.9,4.35,3.6599999999999997,1.1800000000000002,6.85,2.98,3.99,3.25,5.07,6.16,2.11,2.17,1.84,3.2199999999999998,5.43,4.18,2.33,1.77,2.4,4.09,4.41,4.4799999999999995,4.01,3.8499999999999996,4.07,4.66,3.23,2.4499999999999997,0.010000000000000009
200501,0.16,-2.699775237769459,-3.998251563434547,-1.92,-6.7700000000000005,-3.24,-2.48,-3.72,-1.77,-2.08,-7.47,-3.85,-2.71,-2.3000000000000003,-2.95,-8.73,-2.96,-3.74,-3.43,-1.64,-6.84,-3.5700000000000003,-2.79,-2.43,-1.0999999999999999,-5.78,-3.39,-1.68,-1.45,-0.77,-3.74,-2.56,-1.13,-1.39,-4.72
200502,0.16,1.9016309366165334,1.495180668096459,4.28,-0.06,0.75,3.4,0.72,2.05,4.12,-1.8399999999999999,0.19999999999999998,0.04999999999999999,0.6599999999999999,3.6399999999999997,1.4500000000000002,1.1900000000000002,1.97,1.8800000000000001,3.58,0.76,-1.8099999999999998,1.9400000000000002,2.08,5.16,1.55,1.61,2.2199999999999998,3.23,4.81,2.5999999999999996,-0.78,0.15,8.25,2.81
200503,0.21,-1.9270130389649498,-2.85893323904016,-1.62,-3.59,-2.0700000000000003,-3.48,-2.58,-1.32,-1.83,-4.91,-2.55,-2.64,-2.79,-3.76,-4.28,-1.43,-3.08,-0.89,-4.27,-1.79,-2.27,-1.72,-1.32,-4.68,-2.04,-0.03999999999999998,-0.8099999999999999,-1.2,-1.8699999999999999,-3.19,-2.41,-0.6799999999999999,-2.33,0.09
200504,0.21,-2.573686425114949,-6.177105342790399,-3.86,-7.5,-5.15,-6.34,-1.55,-1.65,-4.07,-8.64,-5.2,-5.28,-5.2299999999999995,-6.33,-8.72,-5.58,-5.71,-4.61,-7.18,-6.68,-4.59,-3.7199999999999998,-4.36,-6.68,-5.04,-4.09,-2.48,-3.48,-4.86,0.05000000000000002,-2.53,-0.8099999999999999,-1.24,-5.8
200505,0.24,3.592464539451507,6.560693211290744,4.09,6.43,5.67,6.95,3.6399999999999997,2.8499999999999996,3.8499999999999996,6.92,4.5,3.7,5.47,5.76,8.6,4.7299999999999995,7.43,5.76,7.64,6.41,5.45,5.1499999999999995,5.52,7.18,5.29,3.79,4.45,4.56,7.26,5.02,1.59,3.62,2.34,2.08
200506,0.23,0.4858313477288084,3.763690847615633,2.99,3.06,3.82,3.85,-0.59,-0.68,2.7600000000000002,3.75,4.38,3.15,4.579999999999999,4.76,3.8800000000000003,2.92,4.21,4.9799999999999995,3.34,0.71,1.9500000000000002,2.41,1.9,3.8699999999999997,0.5700000000000001,1.1400000000000001,1.5,2.73,4.34,-0.91,-0.67,-1.51,0.07999999999999999,3.42
200507,0.24,3.901600153256168,6.672913240440894,4.73,6.93,6.1,6.18,3.6799999999999997,3.1900000000000004,4.49,8.19,5.7299999999999995,5.79,6.51,6.91,7.52,5.819999999999999,6.029999999999999,5.8,7.62,5.71,5.64,4.81,4.51,5.319999999999999,6.1499999999999995,5.06,4.2,4.62,5.859999999999999,3.8099999999999996,3.1900000000000004,2.87,2.75,5.22
200508,0.3,-1.182208168813696,-1.654534261874506,1.28,-2.32,-2.44,-1.05,-1.8900000000000001,-1.47,0.98,-1.8900000000000001,-1.16,-2.29,-1.7,-0.55,-1.81,-3.42,-2.32,-1.08,-1.59,-2.48,-1.01,-2.6599999999999997,-0.42,-0.78,-2.08,-1.33,-1.24,-0.8200000000000001,-0.81,-3.79,-0.77,-1.8,-0.15,2.24
200509,0.29,0.5139618465707176,0.37807404546669476,3.47,-1.42,0.06,1.46,-0.8599999999999999,0.5700000000000001,3.18,-0.6499999999999999,-1.01,0.38000000000000006,-0.31999999999999995,1.79,-1.13,-1.06,0.46,-0.31,2.17,-2.08,-0.45999999999999996,0.81,0.15000000000000002,2.81,-0.75,0.47000000000000003,0.10000000000000003,1.7799999999999998,1.19,-1.3,-0.8400000000000001,1.94,1.32,4.32
200510,0.27,-1.9720828163285566,-3.116265958688608,-3.03,-3.97,-2.86,-3.36,-0.31,-2.26,-3.3,-3.99,-2.19,-3.36,-2.4,-3.55,-4.6899999999999995,-2.1,-1.6,-3.65,-3.75,-3.56,-0.63,-3.49,-2.73,-4.13,-3.79,-1.8900000000000001,-2.12,-2.27,-6.720000000000001,0.48,-0.43000000000000005,-1.48,-4.41,-3.03
200511,0.31,3.5873571961090236,4.634702239775273,3.85,4.470000000000001,3.77,4.8100000000000005,3.1999999999999997,3.7499999999999996,3.54,4.010000000000001,3.4,3.67,3.08,5.3100000000000005,6.170000000000001,3.97,3.16,4.2,4.720000000000001,6.340000000000001,4.03,6.1000000000000005,4.510000000000001,4.98,5.550000000000001,3.9899999999999998,4.79,4.880000000000001,2.51,2.75,3.69,3.15,4.12,2.57
200512,0.32,-0.2556606696376437,-0.1338245260152702,1.06,-0.43,-0.61,-0.31,-0.7,-0.53,0.74,0.15999999999999998,-0.98,0.34,0.2,0.47000000000000003,-0.56,-1.6900000000000002,-0.49,-0.34,-0.35,0.22000000000000003,-0.8500000000000001,-0.5800000000000001,0.07,-0.6799999999999999,-0.5700000000000001,0.08999999999999997,0.33,0.5900000000000001,2.1300000000000003,0.74,-1.4000000000000001,-0.71,-0.14,1.3499999999999999
200601,0.35,2.9845976835140173,8.46973833092941,5.56,8.16,5.890000000000001,10.48,2.48,1.0299999999999998,5.21,8.59,7.470000000000001,6.340000000000001,7.25,11.51,7.12,7.33,5.49,8.05,13.14,6.45,5.37,3.8699999999999997,6.36,9.15,2.67,2.65,2.6799999999999997,3.31,7.630000000000001,4.33,-0.98,1.3900000000000001,2.01,6.54
200602,0.34,-0.2765358460148248,-0.2547839194034503,-1.96,-0.76,0.51,-1.49,0.53,0.53,-2.3,-0.42000000000000004,-0.24000000000000002,0.7,1.86,-1.16,-1.74,0.09999999999999998,1.42,0.2,-2.51,-0.8600000000000001,0.77,-0.050000000000000044,-1.29,-1.59,0.56,0.37999999999999995,0.12999999999999995,0.8399999999999999,-2.7199999999999998,0.06999999999999995,0.5700000000000001,0.47000000000000003,0.53,-3.8699999999999997
200603,0.37,1.4424837747111052,4.256555425420792,2.66,2.84,3.6799999999999997,4.91,1.85,0.18000000000000005,2.29,3.4899999999999998,3.62,4.59,5.0,5.42,3.76,1.9,4.1499999999999995,4.9399999999999995,5.33,1.98,1.3900000000000001,1.88,3.8600000000000003,6.03,1.54,1.38,1.08,2.31,4.3999999999999995,1.0899999999999999,1.2400000000000002,-0.010000000000000009,0.39,1.9499999999999997
200604,0.36,0.725309262275824,0.22069558509608228,1.14,-0.61,-0.42,0.43000000000000005,0.62,0.9400000000000001,0.7799999999999999,-0.21999999999999997,-1.1,-1.04,-0.76,-0.38,-1.52,0.18000000000000005,-1.48,1.56,-0.04999999999999999,0.22999999999999998,-0.12999999999999998,0.44000000000000006,-0.43,0.9600000000000001,-0.55,1.23,-0.5,2.0300000000000002,1.6800000000000002,0.07,1.19,1.27,0.39,0.58
200605,0.43,-3.542316446710775,-5.28573083888468,-5.57,-4.59,-4.52,-7.359999999999999,-1.44,-3.45,-6.0,-5.31,-4.43,-4.09,-5.279999999999999,-8.58,-3.48,-4.56,-4.4399999999999995,-5.58,-7.569999999999999,-3.95,-2.95,-3.2,-4.64,-8.45,-2.2,-3.77,-3.19,-3.35,-7.71,-1.65,-1.8199999999999998,-3.5700000000000003,-4.67,-6.29
200606,0.4,-0.34153264790068777,-0.7791407156213495,0.7,-2.69,-0.2,-0.9600000000000001,-1.07,0.019999999999999962,0.29999999999999993,-2.3,-1.05,0.12,-0.07,-2.12,-4.05,-1.85,0.14,-0.32,-1.63,-2.4099999999999997,-0.72,-0.48000000000000004,-0.46,1.52,-2.35,-1.8399999999999999,0.03999999999999998,-0.41000000000000003,-0.27,-0.5700000000000001,-0.5,0.019999999999999962,0.17999999999999994,0.30999999999999994
200607,0.4,-0.7118201775955021,-3.7252961127290165,-2.48,-4.12,-2.7399999999999998,-5.41,-0.08000000000000002,0.58,-2.88,-5.630000000000001,-3.09,-1.7000000000000002,-2.7199999999999998,-4.86,-3.9,-2.33,-2.6999999999999997,-4.46,-6.390000000000001,-4.17,-2.13,-3.1,-2.71,-7.140000000000001,-6.0,-1.5100000000000002,-2.2600000000000002,-3.12,-6.630000000000001,1.48,-1.1400000000000001,2.49,0.20999999999999996,-3.88
200608,0.42,2.023527131167366,2.879696903060677,0.31,4.0600000000000005,2.25,1.2000000000000002,3.75,2.2800000000000002,-0.10999999999999999,4.0,1.6099999999999999,1.9100000000000001,2.7,1.48,5.2,3.96,1.47,1.83,1.3900000000000001,4.58,2.85,1.9700000000000002,1.48,-0.35,4.37,3.66,1.8599999999999999,1.75,-1.23,3.14,3.6900000000000004,2.39,1.09,-0.96
200609,0.41,1.8359209635938247,1.0946603559484054,2.11,1.25,0.56,0.25000000000000006,2.6599999999999997,1.89,1.7,0.54,0.8900000000000001,0.24000000000000005,1.23,-0.22999999999999998,2.11,1.1800000000000002,0.10000000000000003,0.050000000000000044,0.13000000000000006,1.8499999999999999,0.6100000000000001,0.38000000000000006,-0.51,0.43,2.96,2.15,1.48,0.47000000000000003,1.91,1.49,3.06,2.1999999999999997,1.47,2.2399999999999998
200610,0.41,3.157849547977161,5.5974217848143235,4.19,5.8,4.7299999999999995,5.08,3.57,2.31,3.7800000000000002,6.07,5.1499999999999995,4.67,5.26,5.77,5.67,6.64,5.59,4.05,4.31,5.88,5.26,3.3499999999999996,2.6399999999999997,6.08,2.9699999999999998,3.23,2.76,2.69,3.7199999999999998,4.359999999999999,3.13,2.8499999999999996,2.4,2.8699999999999997
200611,0.42,1.638986363548506,2.766924550223254,2.32,3.3000000000000003,1.77,1.9700000000000002,2.64,1.06,1.9,2.21,1.4400000000000002,1.33,1.3800000000000001,1.98,4.0200000000000005,4.41,1.28,2.62,0.81,5.39,3.4,2.0,2.97,1.7800000000000002,6.92,3.6500000000000004,1.98,2.3200000000000003,3.0,1.75,1.01,0.34,1.56,2.22
200612,0.4,0.8282275122842545,0.5809026080370736,1.04,-0.19000000000000003,0.43999999999999995,0.2899999999999999,-0.46,1.4899999999999998,0.64,0.31999999999999995,0.44999999999999996,1.2000000000000002,1.2599999999999998,1.92,-0.7,0.08999999999999997,-0.26,0.7499999999999999,-0.78,-0.47000000000000003,-0.41000000000000003,-0.14,0.39,0.06,-1.4100000000000001,-0.2,0.22999999999999998,-0.30000000000000004,0.28,-1.03,1.44,2.54,0.5399999999999999,0.7499999999999999
200701,0.44,1.3752687248576054,1.7082817321313635,2.27,1.5899999999999999,0.5900000000000001,1.6600000000000001,1.55,1.1,1.83,0.42,0.25999999999999995,1.34,0.81,1.04,0.96,1.8199999999999998,0.94,-0.08000000000000002,2.32,5.1899999999999995,1.26,2.85,1.9700000000000002,3.42,2.47,2.82,1.54,3.57,1.8900000000000001,2.04,-0.39,1.3900000000000001,1.54,1.45
200702,0.38,-1.9865563869927345,-0.37414643199130404,-2.62,-0.44,-0.8400000000000001,-1.03,-1.0,-1.83,-3.0,0.18999999999999995,-1.02,-0.76,-1.1600000000000001,-1.75,-0.88,-1.1800000000000002,0.07,-1.1600000000000001,-1.85,-0.37,0.28,-0.7,0.14,0.9,0.59,-0.35,-0.47,0.25,-0.03999999999999998,0.44999999999999996,-1.7400000000000002,-2.35,-3.1,-3.46
200703,0.43,0.7000141118416288,0.9400869154753169,2.9,-0.39,0.8200000000000001,1.4200000000000002,-0.86,-0.010000000000000009,2.4699999999999998,-1.4,-0.31,0.35000000000000003,-0.19,1.86,-0.08000000000000002,0.98,1.4000000000000001,1.27,0.48000000000000004,-0.33999999999999997,-0.13,0.6700000000000002,2.04,3.32,-2.46,0.32,1.8100000000000003,1.7900000000000003,2.3499999999999996,-1.31,-0.08999999999999997,-0.7,1.52,3.05
200704,0.44,3.5425148093305348,2.0160240147474484,3.88,1.51,1.08,2.4,4.6499999999999995,3.72,3.44,0.71,0.09000000000000002,-0.2,0.6600000000000001,1.7400000000000002,2.81,1.3,1.7200000000000002,2.08,3.0300000000000002,2.73,2.29,2.64,2.31,3.54,4.9799999999999995,4.239999999999999,3.9899999999999998,3.42,3.2,4.54,3.94,4.51,3.29,2.69
200705,0.41,3.1876740168053592,3.8611546366625884,4.04,3.6799999999999997,3.88,2.5,3.11,2.88,3.63,2.8,2.3,2.01,2.76,1.8100000000000003,3.8599999999999994,3.9699999999999998,3.03,2.1999999999999997,2.19,4.9799999999999995,5.6499999999999995,5.83,3.57,3.58,4.24,3.74,3.2199999999999998,3.46,3.4499999999999997,2.61,2.9499999999999997,2.79,3.2399999999999998,3.52
200706,0.4,-1.9817470757393476,-1.202879773174611,-1.49,-2.18,-1.2000000000000002,-1.22,-1.96,-2.13,-1.8900000000000001,-1.04,-0.75,-1.01,-0.65,-1.33,-3.87,-1.48,-2.31,-0.68,-1.67,-2.65,-1.4,-0.71,-0.5900000000000001,-0.22000000000000003,-3.4099999999999997,-1.21,-1.7000000000000002,-3.11,-2.16,-3.62,-1.4300000000000002,-2.12,-1.8599999999999999,-2.3
200707,0.4,-3.70492538372746,-6.102704426539968,-1.48,-8.03,-5.57,-5.3500000000000005,-4.880000000000001,-3.8,-1.88,-8.26,-7.6000000000000005,-6.94,-5.3500000000000005,-6.25,-8.55,-6.260000000000001,-5.66,-4.38,-6.7,-7.220000000000001,-5.510000000000001,-4.800000000000001,-4.3,-4.390000000000001,-6.590000000000001,-6.75,-4.03,-4.4,-3.8,-2.9899999999999998,-4.4,-3.15,-2.92,-1.5499999999999998
200708,0.42,1.031759206908403,1.2522496846812405,2.2,0.9400000000000002,0.9400000000000002,0.5900000000000001,1.49,0.6300000000000001,1.7800000000000002,-0.31,-0.36,-0.10999999999999999,-1.1,-0.79,1.9700000000000002,2.59,1.83,0.44,2.71,-1.06,-1.5,0.78,-0.3,0.0,-1.23,-0.27,0.09000000000000002,0.33,-0.83,2.2,1.33,0.41,1.7600000000000002,3.0100000000000002
200709,0.32,3.2297687508568136,1.2096735750490464,6.21,-0.5800000000000001,0.06,3.6100000000000003,1.22,2.8200000000000003,5.89,-1.4300000000000002,-0.75,-0.33,0.71,4.4799999999999995,-0.46,-0.24,0.8599999999999999,1.3,4.87,-0.45,0.14999999999999997,1.26,1.04,4.6499999999999995,0.44,1.6099999999999999,2.16,1.43,3.6,2.25,1.29,3.0300000000000002,5.51,6.77
200710,0.32,1.7784153765012232,1.6599730220405793,3.86,-1.19,1.95,3.62,-1.71,2.14,3.54,-2.8,-0.11000000000000001,0.45,2.9000000000000004,4.6899999999999995,-1.05,0.020000000000000018,2.6700000000000004,3.68,1.91,-3.92,2.6700000000000004,1.82,2.06,5.319999999999999,-3.5,1.1199999999999999,1.2,3.12,4.35,-0.41000000000000003,-1.72,2.74,3.37,3.62
200711,0.34,-4.752822416036403,-7.543682122776659,-4.37,-8.61,-6.8999999999999995,-8.13,-6.46,-3.75,-4.71,-10.5,-8.14,-7.5,-9.69,-9.69,-9.18,-6.29,-5.6899999999999995,-7.99,-8.77,-8.51,-3.82,-7.22,-6.76,-6.28,-13.709999999999999,-5.12,-4.75,-3.77,-5.7,-9.43,-4.19,-4.09,-3.05,-5.609999999999999
200712,0.27,-0.8863833074780924,-0.7931734771603165,2.23,-2.71,-1.08,0.76,-7.68,-1.71,1.96,-2.19,-2.2199999999999998,-1.22,0.20999999999999996,1.9899999999999998,-2.91,-2.24,-0.26,0.28,1.2,-4.949999999999999,-2.84,-2.41,-0.52,0.9299999999999999,-7.49,-3.08,-1.37,0.71,0.8500000000000001,-10.799999999999999,-6.1,-2.02,1.16,2.15
200801,0.21,-6.263847503609564,-6.476601108181259,-9.2,-3.25,-6.57,-10.82,-1.49,-4.01,-9.41,-2.86,-5.75,-6.41,-9.040000000000001,-13.370000000000001,-2.09,-5.08,-5.62,-8.8,-12.82,1.9300000000000002,-3.79,-3.61,-7.18,-9.57,1.6300000000000001,-1.72,-5.9799999999999995,-6.28,-9.920000000000002,-0.52,-0.71,-3.25,-7.01,-11.200000000000001
200802,0.13,-3.099282410677623,-3.9575034164740948,-0.8,-6.12,-3.6399999999999997,-2.52,-9.600000000000001,-3.6999999999999997,-0.93,-6.3999999999999995,-4.57,-1.96,-0.89,-2.48,-7.95,-5.03,-3.3,-1.6400000000000001,-2.05,-11.690000000000001,-3.8,-2.75,-1.13,-1.6,-10.290000000000001,-6.09,-3.5,0.27999999999999997,2.67,-9.15,-9.33,-1.9900000000000002,-3.6599999999999997,0.29
200803,0.17,-0.8717273647413406,-0.6624644822490675,0.19,-2.69,1.26,-1.14,-6.93,-0.7200000000000001,0.01999999999999999,-2.21,-0.8500000000000001,1.03,0.22,-2.76,-4.7299999999999995,0.41999999999999993,2.48,0.58,-1.05,-4.41,-1.89,-1.73,0.1,-0.18000000000000002,-10.39,0.48,-0.58,-3.4299999999999997,-1.8199999999999998,-9.36,-3.17,-2.54,1.73,-0.48
200804,0.18,4.545428439947891,3.268420414286201,6.37,2.61,2.67,4.33,8.57,2.1799999999999997,6.19,1.86,1.26,1.8499999999999999,0.5900000000000001,1.77,4.17,3.38,1.1800000000000002,2.1799999999999997,4.640000000000001,2.63,7.5600000000000005,4.550000000000001,6.34,5.75,5.24,4.220000000000001,4.15,5.42,9.16,11.94,5.21,2.3,2.4099999999999997,7.010000000000001
200805,0.18,1.7784089817716622,4.256511033274451,2.89,3.75,3.79,4.78,-3.04,1.1600000000000001,2.71,3.09,2.77,3.9499999999999997,2.7399999999999998,4.13,4.640000000000001,4.48,4.65,3.27,6.08,2.36,5.0200000000000005,2.7199999999999998,3.9,6.41,4.550000000000001,3.55,4.42,3.76,7.53,-5.84,-2.35,-0.09,1.81,2.55
200806,0.17,-8.481206710737233,-10.405076350564451,-4.35,-15.77,-10.0,-5.32,-19.5,-10.36,-4.52,-15.15,-12.16,-10.28,-7.56,-4.57,-18.25,-12.09,-9.86,-8.47,-4.0,-15.65,-14.01,-9.8,-9.53,-0.59,-18.6,-14.07,-9.83,-6.83,-1.7,-21.950000000000003,-14.83,-10.08,-8.35,-3.64
200807,0.15,-0.6796368036057937,3.700458030802187,-3.59,4.739999999999999,3.83,1.8,3.36,1.4400000000000002,-3.7399999999999998,4.51,6.68,4.68,6.029999999999999,2.62,7.39,4.17,3.9099999999999997,4.33,2.22,1.36,-0.9500000000000001,3.79,2.81,-1.5899999999999999,-1.8199999999999998,-1.8399999999999999,2.8200000000000003,-1.7799999999999998,-6.83,-1.5599999999999998,7.31,2.66,-0.47,-6.44
200808,0.13,1.5114310407969094,4.3906946130710205,-0.03,7.39,4.47,0.5,1.92,2.5500000000000003,-0.16,3.91,3.33,2.91,2.79,1.6099999999999999,10.28,7.62,5.25,4.2,-0.68,13.68,4.11,4.33,3.0100000000000002,-0.67,-0.41000000000000003,5.97,3.6,1.73,-2.57,-2.6999999999999997,3.06,2.29,1.44,-0.56
200809,0.15,-9.25916947215922,-8.629805548958519,-11.44,-9.97,-6.720000000000001,-10.08,-13.41,-6.33,-11.59,-10.85,-6.57,-7.5200000000000005,-6.58,-11.27,-10.69,-5.94,-5.78,-5.390000000000001,-11.370000000000001,-10.47,-10.65,-8.700000000000001,-7.99,-15.110000000000001,-22.65,-13.780000000000001,-9.39,-9.92,-16.639999999999997,-25.06,-8.01,-6.19,-4.470000000000001,-13.200000000000001
200810,0.08,-17.20420656280211,-21.64417594744243,-14.7,-25.669999999999998,-20.88,-19.02,-23.869999999999997,-15.72,-14.78,-26.889999999999997,-23.72,-20.319999999999997,-18.02,-18.709999999999997,-27.669999999999998,-23.979999999999997,-20.24,-17.099999999999998,-21.97,-20.99,-23.169999999999998,-22.09,-17.65,-20.139999999999997,-25.889999999999997,-21.86,-20.38,-19.419999999999998,-21.529999999999998,-25.529999999999998,-20.68,-14.55,-13.98,-13.5
200811,0.03,-7.746575521241955,-13.358115550866385,-7.25,-17.12,-13.66,-9.819999999999999,-14.54,-4.63,-7.28,-19.450000000000003,-17.970000000000002,-14.54,-12.389999999999999,-12.44,-15.45,-14.76,-11.99,-12.83,-8.86,-16.37,-12.24,-13.229999999999999,-9.5,-7.92,-18.380000000000003,-10.24,-8.75,-2.8499999999999996,-11.69,-19.5,-8.11,-7.7700000000000005,-2.03,-7.87
200812,0.0,1.7372337043186663,6.158271237778945,-0.15,9.59,5.26,4.52,4.95,2.26,-0.15,4.59,6.38,2.67,3.65,3.75,11.17,10.49,4.62,5.3,4.2,6.78,6.03,6.92,3.59,2.82,14.5,6.56,5.96,2.76,1.07,3.62,2.85,1.0,0.25,0.3
200901,0.0,-8.093077815337704,-10.143666246843308,-7.86,-7.79,-9.81,-12.14,-7.48,-8.1,-7.86,-4.85,-10.75,-11.01,-8.44,-11.23,-9.17,-10.6,-7.87,-10.55,-12.86,-2.7,-6.38,-8.21,-9.3,-11.13,-10.02,-6.63,-8.07,-7.09,-5.65,-10.83,-7.4,-10.55,-6.79,-7.87
200902,0.01,-10.235209401455213,-13.013679393788316,-9.31,-16.1,-12.24,-11.95,-13.879999999999999,-10.18,-9.32,-17.990000000000002,-14.459999999999999,-13.12,-8.72,-12.86,-17.650000000000002,-10.959999999999999,-11.5,-10.959999999999999,-12.049999999999999,-17.470000000000002,-8.49,-11.22,-12.02,-11.049999999999999,-20.930000000000003,-11.2,-6.49,-10.07,-8.06,-18.950000000000003,-15.81,-8.65,-9.459999999999999,-9.39
200903,0.02,9.046042856267885,11.476956288933291,6.01,18.57,11.360000000000001,7.62,18.7,10.66,5.99,22.490000000000002,9.780000000000001,8.56,6.79,7.45,21.990000000000002,14.31,13.540000000000001,9.83,7.29,18.11,13.040000000000001,12.65,7.720000000000001,5.58,11.9,13.82,10.5,10.06,5.3100000000000005,31.75,13.21,11.450000000000001,9.16,4.41
200904,0.01,10.1740596960753,22.500028352307847,2.38,46.42,22.419999999999998,8.85,33.49,13.91,2.37,47.230000000000004,27.93,17.189999999999998,12.58,8.370000000000001,57.980000000000004,34.550000000000004,19.06,16.61,8.98,42.85,27.56,23.24,16.36,6.76,49.74,27.979999999999997,17.11,10.63,1.6199999999999999,30.779999999999998,23.75,17.29,6.46,1.2
200905,0.0,5.187980115989114,5.414948388496665,2.99,15.04,3.53,1.33,14.35,5.92,2.99,20.81,8.81,5.97,7.94,7.78,17.39,4.14,3.85,1.18,-0.31,16.95,8.28,3.22,1.02,-0.13,21.0,10.66,5.39,1.35,-0.53,17.11,11.37,8.87,3.55,2.05
200906,0.01,0.4072257541341137,2.2189143104032305,1.44,-0.37,3.02,3.04,-6.05,0.6799999999999999,1.43,4.53,5.26,3.0900000000000003,4.74,5.82,-5.51,2.1900000000000004,1.77,4.67,2.56,-2.7899999999999996,-2.9499999999999997,1.08,2.1100000000000003,1.55,-3.3499999999999996,-2.1999999999999997,-1.24,1.69,2.4400000000000004,-3.71,-4.91,0.75,1.15,2.24
200907,0.01,7.741584662600824,10.289446062643304,6.15,14.3,10.17,8.02,10.950000000000001,7.86,6.140000000000001,12.34,13.36,9.6,7.65,7.92,18.34,11.43,11.19,7.48,7.21,14.77,13.83,8.83,9.21,7.6000000000000005,11.4,10.03,10.84,6.87,5.74,11.82,10.47,7.73,6.36,6.23
200908,0.01,3.341631393019499,4.032795821564272,1.94,11.31,3.5900000000000003,-0.31,8.51,3.39,1.93,17.81,5.180000000000001,3.64,-0.73,-0.02,16.369999999999997,4.15,3.12,0.38,0.019999999999999997,16.43,5.08,3.16,1.79,0.92,13.13,5.930000000000001,4.19,2.1900000000000004,2.12,10.71,4.76,3.14,2.37,1.65
200909,0.01,4.071808129469558,6.719696238866485,3.22,10.790000000000001,5.640000000000001,4.84,7.0,3.5700000000000003,3.2100000000000004,11.53,6.65,6.45,5.19,4.09,13.36,7.680000000000001,4.180000000000001,5.220000000000001,5.63,12.02,7.91,6.78,5.3500000000000005,4.59,13.44,7.720000000000001,4.26,4.51,4.71,7.140000000000001,4.11,4.5,2.43,3.39
200910,0.0,-2.509785467474231,-7.247494333517196,-1.39,-7.87,-5.66,-8.37,-6.89,-1.13,-1.39,-9.33,-6.38,-6.67,-5.82,-10.07,-7.79,-6.02,-6.87,-5.01,-8.46,-11.13,-3.81,-3.82,-6.74,-7.77,-9.59,-2.78,-2.99,-3.8,-4.69,-9.27,-1.65,-0.98,-0.78,-0.33
200911,0.0,5.640245178636499,2.5609190798165877,5.87,2.14,2.17,3.34,6.29,5.7,5.87,-0.23,0.49,2.26,1.58,2.79,2.96,2.14,2.57,1.0,4.01,2.58,3.41,3.72,5.33,5.43,5.73,5.01,4.11,3.23,5.1,7.37,6.16,5.62,5.47,6.79
200912,0.01,2.7811656754751306,8.448271954647833,4.5,8.52,7.3,9.540000000000001,-0.48,3.58,4.49,8.33,7.09,6.680000000000001,8.38,7.98,7.16,9.370000000000001,7.75,10.120000000000001,10.73,9.21,5.91,7.13,7.9,8.26,5.29,3.8200000000000003,5.44,6.180000000000001,8.55,-2.76,1.9,3.4000000000000004,3.2600000000000002,3.39
201001,0.0,-3.279929413294815,-2.8392026906524475,-7.09,-0.7,-3.48,-4.49,-0.22,-3.29,-7.09,-0.92,-4.04,-1.04,-2.69,-3.61,0.93,-3.4,-2.71,-3.49,-4.64,-1.49,-1.6,-3.49,-4.81,-5.07,-0.36,-1.96,-2.06,-4.61,-5.33,-0.62,-0.9,-3.29,-5.9,-8.71
201002,0.0,3.389581586263005,4.5479524171882195,5.41,3.06,4.12,6.57,1.54,3.55,5.41,2.35,3.77,3.29,5.31,8.03,2.76,3.68,4.77,3.71,6.09,3.45,3.13,4.85,5.09,7.59,2.23,3.59,6.06,5.37,8.98,1.19,1.37,3.59,4.69,5.88
201003,0.01,6.297520162190904,8.3737295837587,10.54,8.31,7.55,9.36,4.44,5.8500000000000005,10.53,7.94,7.180000000000001,10.17,7.390000000000001,9.19,9.0,6.8,7.83,8.82,10.49,9.03,7.4,7.25,7.73,8.82,6.54,4.63,8.08,7.38,8.68,4.01,4.48,4.73,10.63,9.8
201004,0.01,2.0019837250468084,6.603401603816575,4.89,5.78,5.88,8.26,1.03,0.85,4.88,7.8100000000000005,7.51,6.390000000000001,7.37,12.4,5.470000000000001,4.2700000000000005,5.23,6.140000000000001,8.450000000000001,3.75,4.1000000000000005,4.11,7.19,4.69,3.3600000000000003,3.7800000000000002,4.16,4.57,5.41,-0.47000000000000003,0.47,0.83,4.26,2.81
201005,0.01,-7.897169248474186,-7.61287539848094,-8.2,-7.97,-6.8999999999999995,-7.9399999999999995,-7.779999999999999,-7.89,-8.209999999999999,-9.18,-6.359999999999999,-7.95,-8.25,-8.959999999999999,-8.09,-6.779999999999999,-5.41,-7.85,-7.38,-7.77,-7.27,-7.18,-6.72,-9.97,-7.38,-7.43,-5.779999999999999,-8.07,-8.01,-7.79,-6.75,-8.83,-8.35,-7.859999999999999
201006,0.01,-5.55208114757326,-8.141414883790585,-6.75,-7.529999999999999,-6.609999999999999,-10.37,-4.2,-5.67,-6.76,-7.3999999999999995,-5.99,-6.3999999999999995,-9.29,-10.23,-8.53,-6.279999999999999,-6.819999999999999,-7.68,-10.77,-5.3999999999999995,-6.67,-6.18,-7.34,-10.57,-6.25,-5.92,-4.68,-7.12,-8.45,-4.319999999999999,-3.0799999999999996,-7.33,-6.84,-6.3999999999999995
201007,0.01,6.948508298539755,6.99301370470752,8.0,5.970000000000001,6.36,8.84,7.29,6.45,7.99,5.8,6.41,6.5600000000000005,5.65,6.98,5.92,6.720000000000001,5.71,6.71,10.07,4.7,7.0200000000000005,7.430000000000001,6.59,8.97,5.87,5.94,6.67,8.65,9.38,7.57,6.33,5.73,9.0,7.67
201008,0.01,-4.755171108324115,-7.457658114378041,-4.67,-7.8,-7.5,-7.13,-4.08,-4.67,-4.68,-8.62,-8.68,-8.75,-8.18,-9.81,-8.59,-5.91,-8.18,-6.49,-5.77,-7.87,-6.06,-5.359999999999999,-5.87,-7.47,-4.85,-6.279999999999999,-4.26,-3.42,-5.46,-3.17,-5.22,-4.06,-3.4699999999999998,-5.41
201009,0.01,9.544458954296932,12.937782042080498,11.54,13.3,12.17,13.33,8.8,8.57,11.53,11.78,11.290000000000001,11.58,12.700000000000001,14.33,13.61,13.870000000000001,12.28,12.21,12.540000000000001,13.41,13.03,11.88,12.08,14.72,11.950000000000001,11.07,10.59,10.21,11.64,7.8500000000000005,8.41,7.99,9.200000000000001,12.92
201010,0.01,3.8505756128096422,3.8271965416487754,4.25,3.5900000000000003,3.4800000000000004,4.41,2.14,4.25,4.24,4.5200000000000005,4.73,3.72,7.42,5.38,3.62,3.9400000000000004,2.41,4.55,3.7800000000000002,1.66,3.4800000000000004,4.3100000000000005,4.01,3.5500000000000003,2.2600000000000002,1.6199999999999999,3.62,4.25,4.17,2.9800000000000004,4.3100000000000005,4.1000000000000005,2.52,5.7700000000000005
201011,0.01,0.550656720052674,3.2394765196311974,2.74,2.25,2.64,4.57,-0.41000000000000003,-0.31,2.7300000000000004,0.8099999999999999,3.87,4.01,4.26,5.3100000000000005,1.86,4.13,0.8099999999999999,4.470000000000001,4.6000000000000005,0.5,2.5500000000000003,3.87,1.84,6.640000000000001,0.88,1.65,3.1100000000000003,2.7100000000000004,3.6,-0.76,-1.19,-0.22,0.33,2.3600000000000003
201012,0.01,6.7962469789656055,8.610423594307521,5.59,10.84,8.25,7.220000000000001,7.96,6.03,5.58,11.1,7.970000000000001,7.720000000000001,9.59,8.4,11.61,9.19,8.61,8.68,7.0200000000000005,14.21,7.57,8.16,6.13,5.82,8.9,9.68,7.25,5.87,5.7,8.950000000000001,6.4,5.79,5.86,4.63
201101,0.01,1.9927443621563687,0.03560574002501385,1.03,-0.64,0.22999999999999998,0.44,2.7100000000000004,2.37,1.02,-1.87,-0.36,-1.68,-1.6300000000000001,0.31,0.049999999999999996,-0.15000000000000002,-0.42,-0.46,0.53,1.61,2.3800000000000003,0.87,1.71,1.74,4.33,3.3400000000000003,2.24,1.04,2.1100000000000003,3.6100000000000003,2.41,1.74,0.91,1.88
201102,0.01,3.5251445203051297,5.049810795596647,3.38,3.8200000000000003,5.11,5.96,1.75,4.66,3.37,4.61,4.890000000000001,3.08,5.930000000000001,4.99,2.2600000000000002,5.220000000000001,5.12,6.11,6.44,5.03,5.29,4.1000000000000005,6.74,6.87,4.01,4.2700000000000005,2.68,4.32,6.08,0.11,3.3800000000000003,4.87,4.76,1.99
201103,0.01,0.475479625176762,2.346795970799312,1.35,-0.4,2.89,4.33,-0.8200000000000001,0.43,1.34,-0.76,2.64,3.2,3.31,3.7600000000000002,0.45,1.03,1.9,3.33,5.79,-1.61,1.85,2.66,2.97,4.86,3.64,1.24,2.77,2.68,2.9800000000000004,-2.1199999999999997,-0.6,0.72,0.21,0.53
201104,0.0,2.8998460305834577,2.0903031403382415,2.42,1.56,2.59,2.12,2.88,3.35,2.42,1.86,1.59,3.26,-0.44,0.76,0.68,1.61,1.63,2.72,2.45,1.75,2.29,4.04,4.33,3.7,3.04,3.64,2.38,4.02,2.91,3.28,1.97,3.78,3.38,1.85
201105,0.0,-1.271667153147766,-1.8179553300142222,-1.89,-2.13,-1.32,-2.02,-0.58,-1.12,-1.89,-2.98,-3.12,-1.48,-1.76,-0.87,-2.61,-1.56,0.14,-1.92,-3.27,-2.31,-0.21,-1.56,-1.64,-1.42,-0.42,0.57,-0.05,0.01,-2.08,-1.91,-0.63,-1.02,-1.5,-2.11
201106,0.0,-1.6941134038897343,-2.2200989706677556,-1.04,-3.63,-1.54,-1.54,-2.58,-1.52,-1.04,-4.58,-1.63,-1.93,-1.75,-1.72,-3.47,-1.93,-1.02,-1.57,-1.53,-4.31,-2.31,-1.16,-1.91,-1.53,-4.76,-3.03,-2.83,-1.0,0.13,-2.23,-2.12,-1.46,-1.52,-0.55
201107,0.0,-2.2961026406722174,-3.8022316849044144,-2.34,-4.36,-3.94,-3.11,-1.5,-2.45,-2.34,-2.78,-1.91,-1.81,-2.55,-3.35,-3.77,-4.98,-5.29,-3.55,-2.79,-6.12,-3.33,-5.04,-4.52,-2.96,-4.67,-5.37,-3.07,-2.36,-3.25,-1.81,-1.67,-0.93,-3.52,-0.14
201108,0.01,-5.90148613638822,-9.203135038646714,-6.93,-9.99,-7.779999999999999,-9.959999999999999,-6.37,-4.67,-6.9399999999999995,-11.67,-8.68,-7.77,-10.44,-12.0,-12.24,-7.25,-7.069999999999999,-9.37,-9.299999999999999,-11.76,-6.319999999999999,-6.49,-8.959999999999999,-9.4,-11.0,-7.09,-6.6899999999999995,-5.02,-10.1,-9.1,-3.4899999999999998,-3.38,-5.67,-6.71
201109,0.0,-7.523423218939892,-11.302225835315253,-9.58,-10.65,-9.97,-13.31,-7.43,-6.15,-9.58,-11.49,-9.11,-10.14,-10.17,-14.57,-11.25,-9.67,-11.36,-11.15,-13.26,-11.27,-9.43,-9.6,-10.13,-14.84,-10.08,-9.99,-8.55,-10.33,-13.15,-8.4,-4.97,-6.19,-6.53,-8.37
201110,0.0,11.276027844728919,15.986624824833516,10.0,15.48,15.1,17.42,14.74,10.48,10.0,12.63,13.64,14.37,14.37,16.9,15.34,15.96,16.5,15.94,18.42,15.85,16.09,15.8,16.62,16.36,14.23,13.1,12.98,12.82,12.78,17.82,12.08,9.2,9.26,10.31
201111,0.0,-0.1982725502857598,-0.7613010725802072,0.84,-2.64,-0.16,0.27,-4.03,-0.09,0.84,-5.76,-1.92,0.66,0.2,0.8,-2.93,-0.23,-0.63,0.94,0.6,-1.01,-1.78,0.89,0.88,-1.48,-2.45,-1.15,0.49,1.21,0.3,-6.82,-1.51,0.89,0.74,0.18
201112,0.0,0.7338898812923316,0.41368864728069893,0.49,-0.45,1.32,0.13,-2.58,1.59,0.49,-0.61,2.11,1.73,2.17,0.98,-1.41,0.25,1.83,0.19,0.07,-0.46,1.74,-0.84,1.31,-1.24,-1.24,0.74,-0.03,-0.1,-1.17,-3.18,0.09,1.76,0.82,1.45
201201,0.0,5.028203709193717,8.02796965449219,2.55,11.96,6.44,6.33,12.94,5.09,2.55,12.93,9.25,7.31,6.83,5.57,13.1,10.24,6.88,6.64,5.64,9.4,8.97,6.98,3.82,5.54,12.65,11.04,6.31,5.38,4.46,15.04,8.45,5.41,2.18,2.58
201202,0.0,4.385876668815003,3.1558222255332633,4.53,3.31,2.52,3.82,5.54,4.13,4.53,2.72,0.41,1.58,0.22,2.23,3.82,3.26,1.55,3.52,3.54,5.05,5.41,5.0,3.55,4.36,8.51,3.87,4.19,4.5,3.31,5.51,4.29,4.56,3.07,6.25
201203,0.0,3.1221339991733466,2.6416823805910346,4.2,1.83,2.98,3.0,2.75,2.3,4.2,1.99,3.26,3.84,5.17,5.63,2.46,0.9,3.16,3.02,2.06,-0.97,0.49,2.19,2.89,1.73,0.92,0.82,1.68,2.55,2.36,4.25,2.48,2.53,2.89,5.03
201204,0.0,-0.8083051228589495,-1.82254355921105,0.27,-3.32,-1.57,-0.56,-4.42,-0.93,0.27,-4.89,-2.37,-1.4,-1.97,0.29,-4.61,-0.89,-2.71,-1.38,0.01,-2.41,-1.56,-1.41,-0.45,0.37,-6.16,-2.34,-1.34,0.66,0.84,-7.39,-2.0,-0.98,-0.09,0.24
201205,0.01,-6.137276804500542,-6.975959692243022,-4.11,-10.03,-5.89,-5.18,-12.17,-6.47,-4.12,-10.58,-6.859999999999999,-5.93,-5.0,-4.359999999999999,-10.35,-7.51,-5.819999999999999,-5.49,-6.779999999999999,-13.43,-9.18,-6.8999999999999995,-5.069999999999999,-4.52,-12.98,-9.91,-7.63,-4.99,-5.34,-13.79,-10.48,-6.41,-3.7199999999999998,-4.85
201206,0.0,3.8929687534468087,4.990132784824814,3.13,6.11,4.74,4.16,3.38,4.73,3.13,6.67,5.6,5.36,5.87,6.31,7.39,6.22,4.44,5.53,4.04,2.15,3.33,3.66,2.4,4.46,4.27,2.56,2.69,3.5,2.32,1.29,4.94,4.27,5.08,2.95
201207,0.0,0.8562802068620499,-1.8732612974161937,1.5,-4.19,-1.13,-0.35,-0.67,1.03,1.5,-3.69,-2.73,-1.16,-0.88,0.18,-3.73,-3.71,-0.78,0.31,0.06,-3.92,-1.4,-0.4,0.1,-0.74,-4.47,-0.77,1.15,-1.38,1.05,-0.77,0.93,0.47,0.92,2.35
201208,0.01,2.567899775701135,3.4707515126432327,1.32,4.8500000000000005,2.5,3.2800000000000002,4.44,3.4400000000000004,1.31,4.03,2.9600000000000004,2.68,0.5599999999999999,3.3800000000000003,4.74,3.2300000000000004,1.8,3.8000000000000003,2.1300000000000003,6.58,5.29,3.29,2.99,4.86,4.99,3.7300000000000004,4.08,4.32,3.2800000000000002,4.25,4.11,4.140000000000001,1.46,1.04
201209,0.01,2.6758547835114586,3.6104887545023363,2.49,4.07,3.1500000000000004,3.5900000000000003,4.26,2.3200000000000003,2.4800000000000004,5.99,4.32,3.8400000000000003,4.0200000000000005,4.69,3.7100000000000004,3.3400000000000003,3.4600000000000004,3.8600000000000003,4.41,2.1500000000000004,4.09,1.46,1.81,1.32,2.7600000000000002,2.7600000000000002,3.7100000000000004,1.77,1.19,4.95,4.25,0.73,3.0900000000000003,2.7300000000000004
201210,0.01,-1.744923712542709,-2.1919217620785756,-2.53,-3.25,-2.3699999999999997,-0.95,-0.35000000000000003,-1.7,-2.5399999999999996,-5.9399999999999995,-4.2299999999999995,-2.03,-2.1599999999999997,-1.3800000000000001,-4.17,-2.11,-3.4299999999999997,-1.32,-0.74,-2.0599999999999996,0.72,-0.28,-1.85,-1.03,1.01,-1.09,0.1,-0.36,0.27999999999999997,-1.1300000000000001,-0.76,-1.31,-2.4099999999999997,-4.75
201211,0.01,0.6986539960775014,0.8836003756931016,1.07,1.03,0.8,0.79,-0.23,0.66,1.06,0.79,0.060000000000000005,0.45999999999999996,0.0,0.22999999999999998,0.36,1.56,0.9299999999999999,-0.59,1.85,3.75,2.75,1.16,1.94,0.79,-0.71,3.1900000000000004,2.22,1.36,2.43,-1.25,0.12000000000000001,-0.08,1.02,0.97
201212,0.01,1.1960522761510342,3.6597513019633725,0.34,4.890000000000001,3.4200000000000004,2.52,3.8200000000000003,0.73,0.33,4.76,4.13,4.05,2.54,1.8,4.3500000000000005,4.32,3.52,3.9800000000000004,2.5900000000000003,6.92,2.3200000000000003,3.0,2.62,2.62,5.11,3.1100000000000003,1.8699999999999999,1.8,0.69,3.62,2.14,0.41,0.22999999999999998,0.060000000000000005
201301,0.0,5.520093090512314,6.252591850142487,3.5,6.22,5.93,6.67,7.59,5.96,3.5,5.59,4.85,5.05,6.84,6.1,5.96,7.16,5.39,5.97,6.91,6.81,5.91,5.27,6.19,9.18,8.51,8.09,8.35,6.31,7.27,8.79,5.6,6.33,5.44,0.17
201302,0.0,1.2950357889793278,1.1489976559962933,1.65,0.91,1.21,1.38,-0.34,1.57,1.65,-0.53,1.97,0.08,1.38,0.9,-0.14,1.38,1.85,1.05,1.72,-0.12,1.17,1.79,2.0,1.16,-2.39,1.59,1.47,1.82,1.96,-0.24,0.47,1.72,1.52,1.95
201303,0.0,4.02394900277354,5.007631668033176,5.2,4.0,5.01,6.18,3.54,3.57,5.2,3.29,3.86,3.89,5.27,7.38,3.53,3.89,4.12,6.53,6.22,5.55,4.91,4.94,5.23,4.86,3.69,3.95,5.02,5.05,5.45,2.56,3.75,4.22,3.29,5.34
201304,0.0,1.5475586957894272,-0.4722475722822683,1.77,-0.27,-1.0,-0.12,1.49,1.78,1.77,0.24,-0.74,-0.56,-0.02,2.21,-0.2,-2.32,-1.09,-0.52,-1.37,-0.83,0.73,-0.89,0.75,-0.62,0.81,1.06,1.55,-0.61,-0.1,3.05,0.78,2.47,2.25,1.33
201305,0.0,2.8530126417557353,5.60574217949482,2.4,7.7,4.22,4.86,3.57,2.35,2.4,7.7,4.28,4.79,5.2,3.55,7.52,6.17,5.08,5.11,5.85,6.18,5.45,3.64,3.89,4.08,3.37,3.46,3.95,1.45,4.66,3.07,2.48,2.66,1.9,2.63
201306,0.0,-1.2231332067216907,0.1645429459188047,-2.47,-0.23,0.38,0.44,-2.66,-0.44,-2.47,0.54,0.68,1.36,2.53,0.08,-1.16,0.03,-0.22,0.57,1.62,-2.08,0.27,0.19,-0.01,-0.97,-1.57,-1.51,-1.13,-1.28,-4.6,-5.1,-0.05,-1.31,0.43,-4.14
201307,0.0,5.643188623736908,7.548933714365077,7.06,7.18,7.27,8.36,4.76,5.09,7.06,9.12,7.85,7.73,7.09,9.0,7.09,5.84,6.9,6.35,8.36,7.5,7.55,7.78,7.15,8.66,7.68,5.33,6.56,6.85,7.87,5.76,3.61,5.6,4.57,9.07
201308,0.0,-2.696698937345571,-2.8438682664048973,-3.05,-3.22,-2.96,-2.36,-2.26,-2.79,-3.05,-2.6,-3.76,-3.17,-2.85,-2.88,-3.42,-2.87,-2.7,-3.26,-1.6,-1.94,-3.2,-2.42,-2.49,-2.67,-1.62,-2.73,-2.21,-2.69,-2.75,-1.4,-3.24,-2.66,-3.44,-3.08
201309,0.0,3.759098991859318,6.1380377884092905,5.47,5.02,5.86,7.49,1.9,4.0,5.47,6.26,5.09,6.19,5.63,7.22,5.23,4.61,6.05,7.37,7.86,5.41,3.96,5.77,6.53,7.7,4.19,4.51,5.34,5.55,6.59,1.01,2.82,3.78,4.45,5.62
201310,0.0,4.18160447961758,2.692355406262725,3.62,2.17,3.77,2.06,3.47,5.17,3.62,2.64,2.37,2.69,3.84,-0.15,0.53,2.69,3.35,4.25,1.12,2.59,3.64,3.13,3.72,3.47,1.3,3.52,3.29,3.7,3.63,3.96,5.48,4.86,4.03,3.47
201311,0.0,3.1144341760894836,4.780267747076195,3.36,4.74,5.05,4.55,2.4,3.15,3.36,5.39,6.8,5.4,7.37,7.02,5.04,4.51,5.53,6.19,3.57,2.79,2.4,3.75,4.15,3.32,0.4,1.64,2.57,0.91,2.44,2.57,3.14,3.7,2.67,3.61
201312,0.0,2.6488464818864506,2.493116044126716,3.02,2.95,1.76,2.83,2.86,2.44,3.02,2.51,2.62,0.89,2.15,2.84,2.77,1.34,1.68,1.8,3.35,3.86,3.38,2.15,1.07,2.72,2.78,2.97,2.41,4.22,3.27,3.5,1.34,2.19,3.04,3.75
201401,0.0,-3.311232994339596,-2.996646952611849,-1.86,-2.72,-3.66,-2.61,-4.97,-3.28,-1.86,-1.06,-2.58,-1.33,-2.76,-0.97,-4.1,-1.99,-5.31,-2.54,-2.29,-3.0,-3.62,-2.61,-3.8,-3.06,-2.67,-2.26,-3.2,-3.11,-0.29,-5.0,-4.22,-3.45,-3.7,0.05
201402,0.0,4.664800054747654,4.462731512398838,6.56,4.0,3.73,5.41,3.71,4.24,6.56,3.92,1.72,5.95,4.04,4.86,4.26,3.59,3.36,5.55,4.71,5.98,4.98,4.64,5.87,5.95,3.97,4.78,5.92,5.89,7.67,3.58,3.75,3.9,4.64,7.29
201403,0.0,0.4977205742983092,0.2229460557421155,-2.6,0.49,1.57,-1.29,2.17,1.61,-2.6,-0.04,0.93,2.3,0.37,-0.73,0.18,1.8,1.41,1.73,-2.31,-0.18,1.35,1.11,0.69,-4.43,1.19,-0.31,1.12,-0.2,-4.09,2.71,1.87,2.56,0.69,-4.44
201404,0.0,-0.036765113810664385,-3.6921391595284008,-2.32,-2.62,-2.99,-5.26,2.68,0.76,-2.32,-5.26,-4.06,-4.33,-4.13,-6.49,-1.48,-2.29,-4.04,-3.27,-5.26,-0.64,-0.28,-2.1,-3.18,-4.76,2.98,-0.28,-1.66,-1.61,-5.33,3.2,2.72,0.96,-1.72,-1.2
201405,0.0,2.022512589431983,0.3058240861956535,3.43,0.54,0.87,-0.46,0.64,2.36,3.43,-1.41,1.44,0.01,0.89,-1.29,0.02,1.26,0.57,0.3,-0.59,0.69,1.36,0.68,1.15,0.34,0.39,2.05,2.07,2.02,2.37,0.03,1.15,2.65,3.05,5.25
201406,0.0,2.5426343825946294,5.5212494222680855,2.95,5.21,5.22,6.17,2.61,1.93,2.95,5.78,3.23,3.96,3.71,5.72,5.61,5.63,6.77,4.54,5.99,6.23,5.09,4.54,4.74,8.46,4.41,3.57,4.58,3.52,4.2,0.63,1.44,1.97,1.93,3.12
201407,0.0,-1.9688012131712336,-5.893416985024806,-1.37,-6.35,-5.45,-5.88,-0.55,-2.28,-1.37,-6.47,-4.62,-4.35,-5.17,-7.86,-7.56,-5.69,-5.24,-4.95,-4.39,-4.8,-5.01,-5.77,-5.82,-6.56,-2.2,-2.41,-3.07,-3.93,-4.56,2.64,-1.31,-1.97,-2.02,0.19
201408,0.0,4.264287495354409,4.615123106977901,4.44,4.09,4.39,5.55,4.23,4.11,4.44,2.73,3.25,4.67,5.35,5.99,4.83,3.38,5.92,4.26,5.86,5.06,3.53,5.7,3.53,6.13,5.59,4.85,5.27,5.56,6.48,4.17,4.22,3.57,3.95,4.1
201409,0.0,-1.9602498099080647,-5.700611647708446,-1.75,-6.57,-4.92,-5.43,-1.81,-1.57,-1.75,-7.85,-5.47,-6.34,-4.18,-4.98,-7.76,-4.98,-4.43,-5.51,-4.63,-5.0,-6.1,-3.61,-6.31,-6.97,-3.16,-3.28,-3.98,-3.91,-4.03,-1.52,-0.65,-1.49,-0.93,-1.47
201410,0.0,2.616762682140664,6.028855058564312,2.3,5.7,7.81,4.29,1.32,2.56,2.3,3.89,7.57,6.85,3.72,2.81,5.65,8.18,7.61,7.81,4.9,2.68,6.82,5.73,4.84,2.9,2.59,3.22,3.33,4.44,0.59,1.22,-0.3,2.96,3.19,1.88
201411,0.0,2.585681951181159,-0.25739712362497785,3.38,-0.62,-0.27,0.25,2.88,2.26,3.38,-2.67,-0.54,0.14,-1.6,-1.04,-0.18,-0.88,-0.62,-1.98,0.65,-0.8,1.91,0.34,1.18,2.48,-0.08,2.14,2.62,2.04,1.95,9.31,3.09,1.51,3.18,4.06
201412,0.0,-0.07041527689222465,2.3528060089686944,-0.74,1.49,3.08,2.51,-1.78,0.46,-0.74,4.16,5.67,4.92,6.55,3.0,0.88,3.2,4.36,2.47,3.31,-2.04,1.0,1.48,1.43,1.32,3.6,-0.46,0.74,0.68,0.25,-4.8,-0.67,0.34,0.47,-1.33
201501,0.0,-3.1136784493857905,-4.794878387746924,-1.42,-7.38,-4.53,-1.79,-3.32,-4.69,-1.42,-7.71,-5.29,-4.32,-4.2,-4.48,-8.26,-6.05,-3.29,-3.34,-0.89,-6.38,-5.83,-3.37,-2.8,-0.41,-5.84,-5.11,-3.12,-0.85,0.8,-2.72,-3.82,-5.07,-3.98,-1.33
201502,0.0,6.124776041333055,7.099356084946662,5.5,9.23,6.2,5.69,8.17,6.22,5.5,8.81,4.82,4.6,4.55,4.14,9.94,7.01,7.82,5.87,6.84,11.06,8.44,7.01,7.82,5.67,10.38,7.78,6.93,6.67,5.47,7.84,7.44,6.66,4.64,5.54
201503,0.0,-1.126288591276369,1.143692887597932,-0.62,-0.63,1.67,2.46,-2.94,-1.65,-0.62,-2.52,1.69,2.23,3.72,2.5,-1.32,3.09,2.11,2.44,1.04,-2.57,-0.44,1.34,2.27,3.89,-4.21,-0.48,0.91,0.62,1.4,-2.09,-2.22,-2.13,-1.32,-1.25
201504,0.0,0.6397909424153003,-1.2544255356628362,-1.37,2.91,-2.26,-4.37,5.89,2.13,-1.37,2.64,-1.46,-0.86,-2.02,-4.3,4.61,-1.53,-3.07,-3.53,-4.75,5.72,0.24,-1.11,-3.74,-4.12,8.75,2.71,-0.22,-1.23,-2.88,8.04,4.32,2.33,0.46,-1.43
201505,0.0,1.335052453325957,1.716777353249245,3.2,-0.85,0.97,4.51,-2.79,1.15,3.2,-2.27,0.09,-0.1,2.92,3.96,-2.2,0.96,0.46,1.13,5.3,-4.48,2.03,4.06,1.36,5.66,-6.23,-1.18,1.99,2.63,4.56,-4.54,-0.45,0.8,2.45,3.19
201506,0.0,-1.5262540244837282,1.0940868412153242,-0.93,-0.77,1.36,2.36,-3.82,-1.86,-0.93,-0.35,2.5,2.93,2.69,0.83,-1.94,0.39,1.03,2.3,2.9,-5.86,0.2,0.2,-0.22,1.89,-4.6,-1.54,-1.52,-1.02,-0.55,-3.42,-3.37,-1.98,-1.44,-0.55
201507,0.0,1.59005037714683,-2.874551136228704,3.52,-8.75,-1.35,0.3,-7.36,2.54,3.52,-10.59,-4.32,-2.88,-1.15,-2.49,-10.43,-2.03,-1.54,0.63,-0.05,-13.34,-3.13,-1.53,0.26,3.2,-11.14,-1.2,2.32,1.84,3.08,-11.13,0.19,1.66,3.72,3.45
201508,0.0,-5.977687681765449,-5.38788830633972,-6.41,-4.63,-4.42,-6.77,-4.22,-6.28,-6.41,-4.02,-6.19,-2.91,-2.45,-4.87,-3.85,-5.83,-4.19,-4.09,-7.57,-4.0,-3.72,-5.31,-6.21,-7.33,-3.77,-5.64,-6.23,-4.59,-7.71,-6.35,-4.76,-6.49,-6.88,-5.94
201509,0.0,-2.9801516997125597,-6.528823004924443,-2.45,-11.86,-4.45,-4.74,-5.81,-2.2,-2.45,-12.69,-7.37,-3.02,-0.77,-7.64,-14.87,-5.13,-5.3,-1.86,-6.59,-13.42,-6.33,-4.02,-2.93,-3.64,-12.18,-5.98,-3.23,-2.87,-4.29,-7.26,-3.47,-1.13,-2.74,-1.78
201510,0.0,7.754782433062732,6.031190756266418,6.68,8.75,5.88,4.23,8.53,8.25,6.68,6.89,6.63,6.35,4.75,5.13,10.94,8.57,4.85,4.74,4.35,6.5,7.72,5.08,3.64,5.35,8.46,7.19,6.49,5.5,4.33,13.08,7.42,8.71,8.23,7.43
201511,0.0,0.5966073607943467,3.8062592547124074,0.77,2.94,3.56,4.76,-1.98,0.53,0.77,2.3,4.48,3.65,4.1,5.13,5.23,3.01,4.83,6.07,3.86,-1.62,1.13,1.78,2.98,3.41,-1.57,0.3,1.11,2.34,0.51,-1.56,-1.41,0.63,0.36,0.83
201512,0.01,-2.1776383659319616,-5.3169871263654995,-0.54,-6.55,-4.66,-5.0,-5.68,-2.3499999999999996,-0.55,-7.9399999999999995,-6.59,-2.01,-2.84,-4.67,-6.12,-4.13,-4.24,-4.85,-4.6899999999999995,-7.18,-6.85,-3.6999999999999997,-6.59,-4.609999999999999,-3.6399999999999997,-4.819999999999999,-4.09,-2.69,-3.0399999999999996,-6.609999999999999,-2.6599999999999997,-2.98,-0.26,0.03
201601,0.01,-5.776086352533735,-10.384570849980634,-5.3,-12.35,-9.29,-9.98,-6.14,-5.47,-5.31,-15.06,-10.93,-9.94,-5.38,-9.91,-12.32,-11.39,-8.67,-8.02,-10.9,-12.879999999999999,-7.8,-7.09,-6.8999999999999995,-10.9,-9.35,-8.84,-8.07,-7.1,-6.58,-2.13,-4.6499999999999995,-5.43,-6.1899999999999995,-4.09
201602,0.02,-0.05441669178651075,0.6176850032467524,-2.02,3.19,1.3599999999999999,-1.77,1.71,1.26,-2.04,1.33,1.5,-0.68,-0.21,-1.84,2.27,4.03,2.54,-2.39,-2.18,4.19,3.73,2.46,-1.08,-0.6900000000000001,4.79,3.67,2.69,-0.01,-0.41000000000000003,1.6199999999999999,2.56,1.33,-0.77,-2.57
201603,0.02,6.930544983531157,8.963160443972265,6.0,12.82,8.66,6.1000000000000005,9.34,7.24,5.98,14.280000000000001,6.260000000000001,7.49,6.7,3.43,14.98,11.17,7.95,5.78,6.680000000000001,14.440000000000001,10.76,6.890000000000001,7.680000000000001,6.53,11.15,10.43,8.540000000000001,6.65,5.87,9.620000000000001,8.13,7.380000000000001,5.94,5.920000000000001
201604,0.01,0.9121796813639337,3.3381817107594594,-0.54,6.59,1.97,1.93,6.75,1.49,-0.55,9.27,3.08,3.8200000000000003,3.9200000000000004,2.91,8.17,4.08,1.96,0.78,2.08,10.02,2.6100000000000003,1.8699999999999999,1.26,-0.73,8.790000000000001,2.27,1.92,0.44,-0.43,10.9,5.99,0.39,1.01,-1.19
201605,0.01,1.749088845897935,1.1605205437334971,2.2,-0.12,1.72,1.68,1.04,1.57,2.1900000000000004,-1.97,0.27,0.61,0.41,-0.53,0.6,2.4800000000000004,2.83,1.75,3.6900000000000004,-0.56,-1.25,1.79,3.2600000000000002,1.84,-0.45,0.13,1.83,3.1,3.2600000000000002,0.21,1.65,2.12,0.95,2.4400000000000004
201606,0.02,-0.059869743882077206,-0.7456963833118455,2.43,-1.96,-1.03,0.7,-3.32,-1.61,2.41,-2.11,-2.18,0.53,-0.08,-0.18,-2.18,-1.69,-0.41000000000000003,-0.36000000000000004,1.34,-3.99,-4.319999999999999,-2.06,-0.07,2.11,-1.76,-2.69,-2.3,-0.98,1.98,-1.49,-4.02,-1.65,1.77,2.34
201607,0.02,3.957673132337705,6.1814437504914315,3.02,7.460000000000001,5.960000000000001,4.98,7.140000000000001,3.98,3.0,6.4,5.65,6.3500000000000005,3.4,5.61,10.360000000000001,5.710000000000001,5.680000000000001,5.930000000000001,4.45,10.64,5.95,5.5600000000000005,4.79,4.24,9.49,5.15,4.94,3.43,2.33,8.440000000000001,6.33,4.07,2.19,3.69
201608,0.02,0.470888678103757,2.346161081109896,-1.1,3.62,2.46,0.66,2.7399999999999998,0.9,-1.12,4.5600000000000005,2.09,3.57,3.34,0.91,4.720000000000001,1.08,2.5,0.06999999999999999,0.57,2.09,2.39,2.98,1.1,0.06,2.29,2.0,1.28,1.66,-0.56,4.07,1.95,1.25,-0.48000000000000004,-1.79
201609,0.02,0.25978118788680993,1.9183723123179401,0.37,2.57,1.3599999999999999,1.8599999999999999,-0.88,0.24000000000000002,0.35,6.61,1.89,2.25,1.6,4.75,3.59,0.6799999999999999,1.59,1.1199999999999999,1.54,1.81,-0.63,-0.27,1.52,1.33,-1.08,0.25,-0.8,0.18000000000000002,0.6,3.64,-0.79,-0.22,0.33999999999999997,0.37
201610,0.02,-1.9885709919688463,-5.237679345491296,-2.66,-7.34,-3.71,-4.9799999999999995,-1.34,-1.44,-2.68,-8.549999999999999,-5.42,-3.36,-1.97,-7.2299999999999995,-9.12,-4.84,-3.9,-3.09,-5.659999999999999,-5.949999999999999,-3.9,-2.87,-4.8999999999999995,-4.489999999999999,-2.92,-1.09,-1.94,-3.53,-3.04,-3.39,0.73,-0.9400000000000001,-2.64,-3.22
201611,0.01,4.845505108135515,11.633609055284026,1.48,11.55,13.07,10.1,9.56,4.04,1.47,10.26,12.98,12.540000000000001,13.02,11.67,11.38,13.99,12.18,12.74,11.76,11.23,9.89,11.6,10.64,7.8500000000000005,7.33,7.55,6.9,5.24,7.45,9.05,5.88,4.220000000000001,1.1,0.9299999999999999
201612,0.03,1.8110937245377396,2.391492709781199,1.25,1.7,4.029999999999999,1.14,1.21,2.22,1.22,3.29,4.84,6.41,5.34,2.72,0.85,3.49,3.1100000000000003,4.3999999999999995,0.44999999999999996,-0.23,3.2800000000000002,2.18,1.0,0.59,1.7,0.4,-0.51,0.9099999999999999,-0.29000000000000004,0.38,2.3800000000000003,2.3200000000000003,2.4200000000000004,0.25
201701,0.04,1.9353363618540396,0.6132437420932177,1.84,1.8,-0.5,0.51,2.38,1.94,1.8,-0.7000000000000001,-1.3900000000000001,-2.02,-2.2,0.010000000000000002,2.21,1.24,0.69,-1.7,2.03,2.94,2.03,0.019999999999999997,0.21,2.0,4.21,3.35,1.57,1.57,2.3,3.2399999999999998,1.93,1.8399999999999999,1.24,3.4
201702,0.04,3.561913793626125,1.6612635952277786,2.74,2.64,1.3499999999999999,1.0999999999999999,4.19,3.65,2.7,2.0,0.97,2.26,0.9199999999999999,-0.35,1.81,1.65,0.16,1.54,1.67,3.89,3.17,2.09,1.53,-0.35,2.66,3.39,3.26,3.06,3.89,4.31,3.64,4.66,3.83,-1.57
201703,0.03,0.16823989051883084,0.6598589131252988,-0.36,1.44,0.96,-0.28,-0.17,0.51,-0.39,2.06,0.58,0.33999999999999997,1.48,1.41,-0.30000000000000004,0.65,1.22,-0.54,-0.5800000000000001,-0.31999999999999995,1.88,1.1099999999999999,0.35,-2.28,-0.8,1.1099999999999999,0.03,0.5,-0.5900000000000001,-0.75,0.45999999999999996,1.07,-0.5700000000000001,-1.1
201704,0.05,1.0822843100233281,1.1701893274688373,0.93,0.42,1.89,1.05,0.5399999999999999,1.3499999999999999,0.88,-1.48,5.5200000000000005,1.63,2.1,0.35000000000000003,1.15,0.9299999999999999,2.16,1.9599999999999997,0.98,-0.12000000000000001,2.0900000000000003,1.0799999999999998,0.69,0.29000000000000004,-0.04,1.3399999999999999,0.83,0.36,0.5599999999999999,0.14,2.3400000000000003,0.83,1.17,0.58
201705,0.06,1.0792097928953273,-2.483872147512815,2.79,-2.79,-2.3000000000000003,-2.5500000000000003,-0.019999999999999997,1.06,2.73,-5.359999999999999,-2.42,-1.71,-1.59,-3.02,-2.94,0.81,-1.74,-5.109999999999999,-2.04,0.29,-1.51,-0.45,-2.89,-1.1700000000000002,-4.869999999999999,0.33,0.6100000000000001,-0.25,1.6199999999999999,-2.12,0.6799999999999999,2.28,1.92,2.87
201706,0.06,0.7946582626048797,4.12860679183898,0.26,3.81,3.8,4.45,1.05,0.6100000000000001,0.2,7.25,5.3100000000000005,6.090000000000001,4.74,4.340000000000001,2.23,4.16,3.32,4.590000000000001,4.48,3.76,3.05,2.2399999999999998,2.4,3.94,3.7199999999999998,1.71,1.43,1.3,0.28,0.44,0.51,1.02,0.52,-1.54
201707,0.07,1.9028590474556801,0.5995584571887985,3.56,-0.08,0.3,1.15,1.47,0.8699999999999999,3.49,-1.96,-1.59,-1.03,-0.25,-0.35000000000000003,-0.09000000000000001,0.99,1.2,0.1,1.6199999999999999,0.8600000000000001,1.0799999999999998,-0.13,-0.95,3.71,-1.21,1.73,0.8,1.3599999999999999,3.29,1.9,1.0899999999999999,0.8799999999999999,2.31,3.94
201708,0.09,0.1764267292808577,-1.5030845011788632,1.43,-3.53,-1.3,-0.54,-2.3,0.48,1.3399999999999999,-3.4299999999999997,-1.8900000000000001,-2.13,-1.81,1.23,-4.41,-2.6799999999999997,-1.74,-1.28,-1.62,-1.9000000000000001,-0.98,0.03,-1.36,-1.6700000000000002,-6.0,-1.03,1.23,-0.47,1.26,-2.5,-0.09999999999999999,0.03,1.15,1.72
201709,0.09,2.4687561946483867,7.465578927828442,1.56,7.51,7.76,6.94,3.6,2.3000000000000003,1.47,11.18,8.75,9.91,8.63,7.48,8.06,6.76,7.640000000000001,7.07,7.68,2.2800000000000002,7.04,4.92,4.8500000000000005,5.84,4.87,4.18,3.16,2.87,3.2600000000000002,3.02,3.0300000000000002,2.2,1.0,1.42
201710,0.09,2.2578980628845446,0.09301715312869185,4.35,-2.07,0.45000000000000007,1.24,-0.85,1.5599999999999998,4.26,-3.6599999999999997,1.3699999999999999,0.17,1.2,0.45000000000000007,-3.9099999999999997,0.5900000000000001,0.51,1.39,1.2899999999999998,-3.1799999999999997,-0.049999999999999996,1.8299999999999998,2.24,1.3499999999999999,-1.35,-0.06999999999999999,0.52,3.48,4.46,-5.76,-1.31,2.95,2.42,5.36
201711,0.08,3.1673129628066174,3.050668185477435,3.3,3.2199999999999998,3.19,2.61,4.5,2.79,3.2199999999999998,5.25,3.1799999999999997,2.03,2.65,2.9699999999999998,0.67,5.22,4.99,3.46,0.62,4.08,1.9499999999999997,3.64,3.66,3.51,6.82,4.33,3.57,4.29,4.39,4.51,3.71,2.79,2.78,2.31
201712,0.09,1.0455947534015557,0.20128699609099998,0.29,0.93,-1.2100000000000002,0.9,3.27,1.5699999999999998,0.19999999999999998,1.89,-1.04,-2.69,-1.31,0.51,2.0100000000000002,-1.06,-2.02,-0.44999999999999996,1.65,1.7,0.4,-0.6699999999999999,0.9900000000000001,-0.69,5.75,2.75,1.9199999999999997,-0.7799999999999999,-0.53,3.0700000000000003,2.6300000000000003,1.8099999999999998,0.91,-0.25
201801,0.11,5.605220677706787,2.6134044155581173,8.52,1.5999999999999999,2.06,3.89,2.5300000000000002,4.1,8.41,1.2,1.9999999999999998,2.04,3.0900000000000003,2.73,4.069999999999999,2.97,0.62,1.89,5.109999999999999,-2.3,1.7699999999999998,3.14,2.44,4.97,1.73,4.33,4.4399999999999995,3.66,7.04,1.65,3.3000000000000003,4.29,6.85,9.020000000000001
201802,0.11,-3.6333854550982667,-3.866730358650412,-1.55,-5.390000000000001,-3.29,-3.4299999999999997,-7.050000000000001,-4.590000000000001,-1.6600000000000001,-4.61,-3.7399999999999998,-3.6799999999999997,-3.5,-3.1999999999999997,-4.94,-3.78,-0.65,-3.94,-4.07,-6.71,-4.48,-4.25,-3.03,-3.08,-5.140000000000001,-5.16,-3.4,-3.35,-3.73,-8.809999999999999,-7.260000000000001,-5.340000000000001,-2.4899999999999998,-0.53
201803,0.12,-2.312615189362245,0.8877855375693304,-2.91,0.43000000000000005,1.46,0.28,-0.78,-2.39,-3.0300000000000002,1.2000000000000002,1.7200000000000002,4.74,1.42,2.12,-0.86,0.85,2.06,1.4700000000000002,0.6,0.36,0.44999999999999996,0.36,-0.5,-0.42,-0.039999999999999994,-1.2200000000000002,0.0,-0.44,0.58,-2.48,-0.93,-2.12,-3.75,-3.5100000000000002
201804,0.14,0.2931542309555118,1.172701966611616,0.77,1.8399999999999999,0.52,0.88,-1.2200000000000002,0.20999999999999996,0.63,1.6400000000000001,3.13,1.19,-1.4500000000000002,1.46,3.3699999999999997,2.51,0.27999999999999997,0.20999999999999996,-0.61,0.85,-0.65,-0.8,-0.010000000000000009,3.4099999999999997,4.07,0.26,0.25,0.15999999999999998,-2.3600000000000003,-0.46,-1.1600000000000001,1.1600000000000001,-0.56,1.42
201805,0.14,2.6547535224898455,6.412413679866981,3.88,5.45,4.78,8.93,-0.6000000000000001,2.21,3.7399999999999998,7.5,5.9,4.87,7.28,9.61,5.87,4.46,5.41,3.9599999999999995,10.75,5.2700000000000005,2.73,2.9299999999999997,4.1000000000000005,9.58,-1.19,0.92,1.5,1.9899999999999998,6.28,-2.98,0.29,2.28,1.94,4.91
201806,0.14,0.46789593529499995,1.1774825089859693,-0.36,2.13,0.25,0.93,2.83,0.24,-0.5,0.06,0.6,2.35,0.69,2.01,2.9099999999999997,3.07,-0.19,0.06999999999999998,2.0,1.33,0.9899999999999999,-0.14,-1.3599999999999999,0.45999999999999996,6.3100000000000005,2.35,0.26999999999999996,-0.53,-1.5299999999999998,4.0200000000000005,0.42999999999999994,0.03,0.21999999999999997,-0.56
201807,0.16,3.2231578915709727,1.5500874010730696,1.72,1.09,1.83,1.1600000000000001,4.4799999999999995,4.45,1.56,-0.99,-0.8200000000000001,1.58,-0.5,-0.9400000000000001,2.65,1.4600000000000002,2.8499999999999996,2.2199999999999998,2.0999999999999996,1.54,1.7000000000000002,1.6400000000000001,1.32,1.8800000000000001,1.24,3.08,3.32,2.9499999999999997,0.28,3.28,5.39,5.01,2.46,2.42
201808,0.16,3.443734211079848,4.007398790622085,7.65,2.4699999999999998,2.83,6.18,0.59,1.4500000000000002,7.49,2.71,2.56,3.51,3.2199999999999998,7.03,3.11,3.33,3.42,2.71,7.99,2.83,2.71,2.9699999999999998,2.8699999999999997,7.04,-0.64,-0.04000000000000001,1.8499999999999999,3.6199999999999997,9.34,0.6,0.17,2.36,4.38,7.16
201809,0.15,0.09627577464804607,-2.453345227293543,0.72,-2.1799999999999997,-2.94,-2.63,0.27,0.12000000000000002,0.57,-2.4899999999999998,-1.8699999999999999,-3.1799999999999997,-3.7399999999999998,-4.44,-1.45,-2.6799999999999997,-4.04,-2.62,-1.8599999999999999,-2.9499999999999997,-1.6099999999999999,-3.23,-2.34,-4.300000000000001,-1.5599999999999998,0.24000000000000002,-1.46,-0.72,1.1600000000000001,0.63,0.9899999999999999,-0.15,0.12000000000000002,1.1700000000000002
201810,0.19,-7.605100426573185,-10.866490634330852,-9.28,-11.6,-9.629999999999999,-12.09,-5.840000000000001,-5.890000000000001,-9.469999999999999,-14.299999999999999,-9.479999999999999,-8.969999999999999,-9.49,-11.25,-12.77,-10.469999999999999,-8.79,-11.37,-13.35,-10.26,-9.74,-8.479999999999999,-10.4,-12.049999999999999,-10.15,-8.68,-9.08,-8.0,-11.77,-5.5200000000000005,-5.760000000000001,-4.78,-6.6000000000000005,-10.25
201811,0.18,1.7052972135012847,1.4618533289383921,-0.11,2.34,1.05,0.6100000000000001,0.79,3.6199999999999997,-0.29,-1.98,-0.36,-0.21,0.55,-3.71,3.5,1.55,0.8,1.1,0.26,5.2700000000000005,2.96,2.04,1.8699999999999999,-2.11,4.5200000000000005,3.1199999999999997,2.05,3.51,0.14,-3.29,2.4,4.38,-0.81,1.77
201812,0.19,-9.531570653129075,-12.385725070835367,-8.55,-14.35,-12.12,-11.42,-9.33,-9.83,-8.74,-17.82,-12.709999999999999,-10.459999999999999,-11.049999999999999,-13.12,-13.74,-12.799999999999999,-12.76,-9.79,-12.1,-14.19,-13.83,-10.9,-11.2,-12.0,-13.66,-12.25,-9.61,-11.49,-9.389999999999999,-10.15,-9.17,-10.11,-8.469999999999999,-8.65
201901,0.21,8.352342671976768,11.85202599091142,7.52,17.369999999999997,9.84,8.629999999999999,15.809999999999999,7.53,7.31,18.72,11.379999999999999,7.03,7.06,9.76,19.71,12.469999999999999,10.399999999999999,8.53,9.03,19.66,14.52,11.28,7.94,9.819999999999999,15.869999999999997,11.989999999999998,11.6,8.909999999999998,9.61,18.81,12.17,7.19,5.93,7.37
201902,0.18,3.3980284899500597,5.467198688683147,3.97,5.42,5.2700000000000005,5.19,2.55,2.9899999999999998,3.79,7.73,5.92,5.03,5.12,5.23,4.03,6.96,6.03,5.23,4.050000000000001,4.48,4.63,3.94,5.0600000000000005,4.94,6.140000000000001,3.59,3.07,5.1000000000000005,5.29,-0.22,2.46,2.63,2.4699999999999998,4.890000000000001
201903,0.19,1.0947810897023622,-2.6899790252742526,2.55,-3.56,-3.5,-1.5699999999999998,-0.13,0.8900000000000001,2.36,-3.53,-3.9899999999999998,-4.24,-3.58,-1.38,-3.58,-3.3,-3.5,-2.6999999999999997,-1.64,-2.84,-2.9,-3.11,-1.24,-0.73,-0.44,-2.37,-0.1,1.19,0.09000000000000002,0.6200000000000001,-0.6699999999999999,1.96,2.38,1.73
201904,0.21,3.9946785270765535,3.055213591385219,2.52,3.36,3.69,1.34,6.12,5.12,2.31,1.6500000000000001,3.37,2.6,0.96,-0.13,3.3,5.15,3.35,3.11,1.58,5.37,5.2,4.53,3.45,1.26,5.86,4.93,4.87,2.92,3.08,5.14,4.75,6.74,2.87,2.66
201905,0.21,-6.923132195916385,-9.077455206490502,-5.01,-12.82,-9.100000000000001,-5.9799999999999995,-13.49,-7.32,-5.22,-14.170000000000002,-7.01,-7.39,-7.32,-5.85,-15.190000000000001,-10.170000000000002,-8.870000000000001,-7.56,-4.88,-16.13,-10.56,-10.05,-7.12,-5.18,-13.870000000000001,-11.83,-7.79,-6.42,-3.27,-14.350000000000001,-11.13,-7.34,-6.9,-4.01
201906,0.18,6.919901030247267,7.61198554083683,6.46,7.6000000000000005,7.38,7.3100000000000005,10.46,7.140000000000001,6.28,6.6000000000000005,6.36,5.63,4.78,5.84,7.65,8.52,6.23,7.36,7.67,7.59,8.870000000000001,7.950000000000001,7.5200000000000005,6.62,11.870000000000001,10.22,7.69,6.03,7.69,12.67,6.180000000000001,7.48,6.640000000000001,6.29
201907,0.19,1.2803547756648888,-0.10770954970027158,0.83,-3.43,0.29,2.09,0.32,2.2,0.6399999999999999,-4.970000000000001,-2.19,-1.74,1.24,-0.42000000000000004,-4.0600000000000005,1.03,0.55,0.76,0.34,-4.260000000000001,0.03,2.57,1.03,2.86,-1.23,2.92,0.74,0.9100000000000001,1.71,3.65,-0.26,2.29,1.2,1.02
201908,0.16,-2.4539229929638275,-5.972099225373313,0.21,-9.17,-5.75,-3.52,-9.33,-3.8800000000000003,0.04999999999999999,-9.38,-7.32,-6.99,-5.43,-3.6,-7.05,-9.24,-4.78,-1.1199999999999999,-4.61,-12.7,-7.5200000000000005,-5.66,-2.96,-2.93,-15.24,-11.36,-3.92,-1.96,-1.97,-8.56,-5.92,-5.17,-1.3099999999999998,0.74
201909,0.18,1.5328192563516339,3.1156772651515867,-0.16,5.5200000000000005,3.8,-2.16,5.45,2.96,-0.33999999999999997,6.98,3.52,4.140000000000001,2.42,-3.24,4.5600000000000005,5.04,5.1000000000000005,1.01,-4.97,6.33,4.53,3.29,2.78,-2.8000000000000003,5.17,6.11,3.7199999999999998,2.4899999999999998,-3.93,4.46,5.2,1.6300000000000001,2.8899999999999997,-0.59
201910,0.15,2.1030894217471783,2.2746572237703395,0.76,-0.09999999999999999,3.0100000000000002,3.2800000000000002,3.72,3.33,0.61,-2.09,0.19000000000000003,0.92,2.8400000000000003,2.62,-1.96,2.71,2.5300000000000002,4.02,2.58,2.12,2.0,3.2,2.12,2.4,-3.96,1.4100000000000001,3.18,0.9500000000000001,0.9,7.54,5.35,4.409999999999999,1.6,0.22
201911,0.12,3.8530809651465083,4.338388012654125,2.6,4.58,4.35,3.58,6.56,4.42,2.48,6.55,2.4899999999999998,4.26,4.67,6.14,4.12,4.16,5.91,2.13,5.03,4.2299999999999995,5.0,3.06,2.2399999999999998,5.56,6.29,5.8,4.72,2.6,5.89,5.7,6.57,4.07,3.2199999999999998,2.4
201912,0.14,2.7603739729796217,4.126484490774027,2.96,6.41,2.86,3.02,3.8799999999999994,2.4299999999999997,2.82,12.85,3.3899999999999997,3.67,4.5,3.85,5.82,3.02,4.37,1.2799999999999998,5.82,9.41,2.3899999999999997,2.83,1.7399999999999998,0.9999999999999999,7.2,4.28,1.9,1.27,0.14,2.98,3.34,2.17,2.51,3.34
202001,0.13,-0.16294298194596024,-4.349240569490675,1.99,-7.32,-4.54,-1.69,-4.55,-0.5,1.8599999999999999,-7.43,-4.9399999999999995,-5.99,-5.61,-1.88,-8.700000000000001,-5.61,-4.57,-4.54,-1.94,-7.09,-6.51,-0.8,-2.67,-1.12,-6.1499999999999995,-4.14,-2.12,0.84,0.57,-12.5,-2.78,1.38,-1.0,3.9000000000000004
202002,0.12,-8.18535525439343,-8.872849042893925,-7.93,-9.17,-9.909999999999998,-7.57,-5.9,-8.549999999999999,-8.049999999999999,-8.1,-7.0200000000000005,-8.459999999999999,-7.8100000000000005,-6.24,-10.489999999999998,-9.809999999999999,-8.93,-8.94,-8.43,-9.95,-9.44,-11.219999999999999,-8.879999999999999,-6.07,-13.54,-9.559999999999999,-10.389999999999999,-9.489999999999998,-7.21,-3.8400000000000003,-7.36,-8.159999999999998,-8.479999999999999,-7.57
202003,0.12,-13.320217640506767,-23.624700659280045,-11.28,-25.990000000000002,-22.61,-22.970000000000002,-24.8,-13.03,-11.399999999999999,-29.23,-23.01,-23.35,-23.880000000000003,-23.46,-26.05,-25.130000000000003,-21.69,-23.35,-25.82,-27.23,-25.17,-22.53,-22.46,-19.28,-38.57,-24.59,-21.75,-18.03,-16.21,-31.77,-15.469999999999999,-12.559999999999999,-10.569999999999999,-10.479999999999999
202004,0.0,13.586579347013055,18.405559057066117,12.68,24.99,13.58,18.53,17.19,13.74,12.68,32.02,15.52,10.87,12.18,20.24,28.33,14.0,13.5,16.06,20.1,30.83,21.3,13.36,12.95,18.69,27.65,17.42,15.35,12.16,14.55,22.48,13.12,11.2,13.44,13.09
202005,0.01,5.438050075701769,6.503324179828475,5.54,8.97,4.65,7.29,3.5300000000000002,5.26,5.53,9.08,5.83,4.11,1.78,9.18,11.83,7.5200000000000005,3.02,3.9800000000000004,11.49,5.78,6.96,5.95,6.78,8.93,2.6100000000000003,6.66,6.15,6.7700000000000005,10.1,3.8000000000000003,4.59,4.76,5.16,5.19
202006,0.01,2.3994676787344886,4.513190017528704,3.56,5.53,3.3800000000000003,5.26,4.95,-1.32,3.5500000000000003,9.27,6.0200000000000005,3.2100000000000004,2.22,9.66,5.05,3.6500000000000004,3.3200000000000003,1.9,6.96,8.89,2.8600000000000003,1.84,3.37,4.36,12.15,2.93,0.16,0.8,1.83,12.51,-0.9400000000000001,-1.1300000000000001,-1.73,4.48
202007,0.01,5.824227774256551,2.5941185038998733,7.35,-0.14,2.6500000000000004,4.88,-3.07,3.97,7.34,2.5,-1.54,1.48,5.11,3.52,-2.3499999999999996,0.51,3.6900000000000004,3.97,4.8500000000000005,-0.86,1.06,3.66,4.54,4.26,-0.83,3.02,5.4,5.98,8.02,-10.4,-2.19,4.33,5.3,7.6000000000000005
202008,0.01,7.632805716695392,5.816221527286272,9.16,7.84,5.4,4.680000000000001,5.08,4.79,9.15,8.27,5.73,6.41,4.890000000000001,3.41,8.3,8.98,5.57,6.11,1.84,6.94,4.38,3.5300000000000002,3.1,6.3,7.1000000000000005,5.83,4.5200000000000005,5.5,2.35,3.9400000000000004,3.2800000000000002,5.2700000000000005,5.930000000000001,10.3
202009,0.01,-3.693380456342207,-4.172934624014848,-4.29,-6.29,-4.54,-1.91,-6.319999999999999,-2.05,-4.3,-6.43,-2.4499999999999997,-3.9099999999999997,-2.21,-0.09999999999999999,-7.2299999999999995,-5.83,-5.96,-1.54,-3.8099999999999996,-7.7299999999999995,-6.7299999999999995,-3.32,-3.42,-2.1199999999999997,-6.02,-2.55,-2.5599999999999996,-2.5199999999999996,0.65,-7.1499999999999995,-5.33,-1.24,-1.22,-5.819999999999999
202010,0.01,-2.0716728536528994,3.574103768250645,-2.62,5.67,3.33,2.12,0.11,-2.0199999999999996,-2.63,1.01,4.390000000000001,0.98,3.9200000000000004,-2.2699999999999996,7.430000000000001,3.89,1.83,4.96,1.82,4.53,6.48,3.7600000000000002,3.06,0.25,4.96,1.57,1.04,-0.48,1.4,-5.99,0.86,-2.71,-3.42,-2.8699999999999997
202011,0.01,12.314231854695505,20.29232083937987,10.1,27.069999999999997,16.889999999999997,17.939999999999998,26.069999999999997,13.71,10.09,31.72,19.099999999999998,16.459999999999997,21.18,18.479999999999997,27.389999999999997,17.169999999999998,15.64,17.47,18.47,31.959999999999997,17.029999999999998,15.65,14.96,15.6,28.63,20.869999999999997,14.05,11.31,13.67,30.43,18.72,14.42,10.68,9.61
202012,0.01,4.622186097034483,8.942637691313529,4.05,11.27,7.2700000000000005,8.790000000000001,6.29,4.640000000000001,4.04,11.97,7.99,4.96,7.44,9.33,13.77,9.59,7.180000000000001,10.41,9.55,9.98,8.0,6.930000000000001,8.05,10.63,9.49,7.73,4.5,3.64,6.76,4.87,6.8100000000000005,3.5100000000000002,3.95,3.7800000000000002
202101,0.0,-0.14050474359587117,7.785095593955964,0.77,5.14,3.8,13.82,0.83,-2.94,0.77,14.95,6.76,5.02,9.01,20.48,5.97,2.5,5.77,4.73,20.35,1.08,-0.48,2.0,1.97,8.55,2.31,-0.03,0.54,-2.2,3.41,0.08,-0.3,-2.34,-3.8,0.68
202102,0.0,2.9717043055609262,9.7123230733619,-0.34,12.75,10.05,6.94,9.65,4.62,-0.34,13.52,10.97,11.27,8.75,8.47,14.4,10.03,8.51,10.29,7.52,14.48,10.11,9.16,8.86,2.84,9.81,9.18,6.61,5.79,1.83,11.69,6.46,2.62,2.6,-1.63
202103,0.0,3.3304435648190105,2.7361648184208063,-0.49,4.87,3.98,0.14,7.01,5.85,-0.49,3.63,5.07,3.52,5.84,-0.96,3.31,4.71,3.98,5.16,-0.78,5.48,5.16,3.58,2.57,-2.02,6.79,5.8,5.74,3.91,-1.41,7.02,6.16,6.73,3.34,-1.57
202104,0.0,5.075533781278077,1.5781796573083708,4.87,0.5,2.14,1.83,3.75,6.44,4.87,-1.76,1.29,1.19,1.23,-0.54,0.87,1.01,3.49,1.36,3.3,0.53,3.16,2.79,3.16,2.36,4.7,4.93,5.31,4.89,3.77,2.44,6.83,6.41,4.04,6.26
202105,0.0,0.3609706821214354,1.3935296245594326,-1.42,-0.14,1.73,2.2,-0.19,1.16,-1.42,0.04,3.19,3.95,4.94,2.45,0.93,1.94,1.63,-0.86,3.2,-2.8,0.29,0.6,1.49,-0.09,0.52,-0.67,1.61,0.74,-1.22,1.01,-0.19,0.37,2.97,-3.21
202106,0.0,2.665200609155597,1.8478996420693503,3.26,2.0,-0.07,4.19,1.31,3.49,3.26,1.72,0.64,-0.77,-0.07,5.72,3.28,0.01,-0.94,1.2,5.34,2.15,0.43,-0.46,-0.96,5.76,2.16,1.15,-0.49,1.05,2.11,1.02,3.94,3.1,0.69,7.42
202107,0.0,1.5821823736472092,-3.5683525829245317,-0.62,-3.71,-2.19,-5.18,2.26,2.1,-0.62,-6.69,-1.78,-3.08,-3.99,-7.86,-4.78,-2.79,-2.72,-2.15,-7.95,-1.33,-0.45,-0.17,-2.83,-4.49,1.01,2.9,-0.44,-2.17,-5.14,1.45,3.57,2.33,-0.4,1.85
202108,0.0,2.8691742389979655,2.0627102940547615,4.88,0.72,2.41,2.97,1.85,3.32,4.88,5.31,2.36,2.73,1.15,3.35,0.27,2.15,2.26,2.33,3.59,0.14,1.82,0.84,2.47,2.4,0.23,1.6,2.54,4.69,6.06,1.42,3.53,2.6,5.04,3.07
202109,0.0,-4.40907467546513,-2.5620341725005193,-3.34,-2.96,-2.77,-1.94,-5.09,-4.29,-3.34,-2.77,-4.68,-2.03,-0.97,-2.21,-2.47,-2.98,-2.56,-1.23,-2.66,-2.05,-1.73,-3.15,-2.27,-2.55,-5.03,-3.43,-4.71,-2.56,-2.1,-4.7,-5.56,-3.78,-4.71,-3.15
202110,0.0,6.690340830887374,3.124221650510381,7.91,1.56,3.3,4.5,4.21,8.34,7.91,-1.96,2.05,2.96,2.32,3.54,1.89,1.93,4.07,2.64,4.92,1.83,3.97,3.41,3.16,6.7,3.81,6.28,4.76,6.41,7.04,3.43,6.41,7.1,13.45,4.83
202111,0.0,-1.4374059019623249,-4.1440704897376355,-3.56,-6.28,-2.65,-3.7,-2.9,0.24,-3.56,-9.53,-4.43,-4.43,-2.87,-6.95,-6.27,-2.76,-2.3,-2.84,-3.38,-8.36,-4.01,-4.13,-3.9,-4.38,-5.89,-4.12,-1.76,-3.37,-1.87,-2.01,1.46,-2.54,-1.19,-2.04
202112,0.01,3.500687607951411,2.8778870448551745,-0.01,2.0500000000000003,4.470000000000001,1.9,4.62,5.28,-0.02,-2.7199999999999998,0.86,2.39,2.8600000000000003,1.08,1.49,4.65,5.470000000000001,5.76,-0.44,2.24,4.7700000000000005,4.0,3.06,-0.5,3.1700000000000004,5.8100000000000005,4.8500000000000005,4.23,-0.06999999999999999,7.12,4.83,4.92,3.68,-2.0199999999999996
202201,0.0,-5.854085430127703,-8.613450033758578,-7.5,-10.4,-5.31,-10.21,-2.48,-5.68,-7.5,-13.55,-5.71,-4.02,-4.74,-9.61,-10.91,-7.71,-5.38,-4.52,-10.87,-10.2,-6.94,-5.6,-7.38,-11.44,-5.88,-6.48,-5.5,-7.62,-8.92,-1.59,-3.76,-4.95,-6.77,-7.95
202202,0.0,-2.29577589747041,0.7240979381240619,-1.39,-0.49,1.12,2.31,-1.91,-3.47,-1.39,-3.61,2.53,0.91,-2.02,4.13,0.48,2.48,0.82,0.7,4.25,-1.22,0.43,2.55,2.48,1.25,-0.91,0.13,0.45,-0.1,3.52,-4.6,-2.34,-4.65,-2.54,-1.42
202203,0.0,3.2450576802653073,0.7100171394998418,4.71,0.54,0.41,1.49,-0.22,2.58,4.71,0.52,0.67,0.57,1.78,-0.84,0.28,-0.12,1.12,-1.15,3.85,3.37,0.68,0.11,1.99,3.16,-3.81,0.6,0.23,2.55,3.81,-0.31,1.36,2.66,4.11,5.12
202204,0.0,-9.34130193201101,-10.570563044066759,-9.75,-14.73,-7.72,-7.22,-12.24,-7.73,-9.75,-17.95,-7.53,-6.62,-6.68,-4.67,-17.09,-8.75,-7.96,-8.46,-8.58,-13.68,-7.78,-7.23,-6.62,-7.47,-14.09,-5.9,-5.87,-7.26,-7.86,-15.89,-7.44,-8.25,-6.26,-11.25
202205,0.03,-0.3008798666058393,-0.4388379627912402,-0.39,-2.9699999999999998,0.74,1.73,-0.8,0.0,-0.42000000000000004,-6.220000000000001,-1.1400000000000001,0.9,1.39,0.77,-3.34,0.31000000000000005,1.39,1.79,-0.98,-3.88,0.19,1.79,0.19,3.39,-2.8099999999999996,-0.26,0.31999999999999995,1.33,-0.14,-4.5200000000000005,4.58,-0.28,-1.29,-0.21
202206,0.06,-8.325547711158572,-7.599250946265219,-7.39,-8.05,-5.88,-10.200000000000001,-11.76,-8.15,-7.449999999999999,-7.13,-7.18,-6.449999999999999,-3.24,-8.58,-7.1,-8.290000000000001,-4.989999999999999,-6.489999999999999,-12.26,-12.05,-8.48,-7.52,-7.0,-10.05,-11.690000000000001,-9.34,-9.120000000000001,-7.68,-12.16,-12.15,-11.620000000000001,-7.93,-7.3999999999999995,-6.9399999999999995
202207,0.08,9.538174985058314,10.61652871795036,8.7,11.95,9.88,8.94,14.32,8.69,8.62,10.5,6.34,8.07,4.65,10.27,12.22,10.99,10.75,9.459999999999999,10.14,12.709999999999999,9.25,10.52,9.03,9.3,11.63,12.82,9.22,8.27,8.78,11.03,14.45,8.78,10.43,4.79
202208,0.19,-3.792265545884129,-1.3853355749711387,-1.65,-1.46,-2.58,-0.3,-4.380000000000001,-4.930000000000001,-1.8399999999999999,1.6300000000000001,-1.21,0.7,-1.68,2.08,-2.15,-2.3,-1.54,-3.56,1.04,-5.1000000000000005,-4.57,-4.01,-3.32,1.24,-3.41,-5.5200000000000005,-1.39,-1.75,0.15000000000000002,-1.17,-6.08,-5.7700000000000005,-3.62,-1.3699999999999999
202209,0.19,-9.303776027797731,-10.012013387818413,-7.38,-11.559999999999999,-9.68,-8.889999999999999,-12.25,-9.74,-7.57,-13.49,-10.58,-9.229999999999999,-4.340000000000001,-8.83,-10.52,-11.26,-9.49,-7.23,-9.93,-11.99,-12.389999999999999,-9.49,-6.8100000000000005,-9.1,-12.139999999999999,-12.2,-9.469999999999999,-7.880000000000001,-8.61,-12.469999999999999,-11.77,-9.02,-9.28,-5.5600000000000005
202210,0.23,7.8683313615374395,10.465122489404715,9.91,7.51,11.26,13.03,7.38,6.26,9.68,5.079999999999999,7.3999999999999995,9.379999999999999,6.949999999999999,9.17,6.739999999999999,11.059999999999999,12.43,12.549999999999999,14.0,5.069999999999999,11.629999999999999,9.45,11.79,11.68,2.02,6.6499999999999995,8.17,10.76,9.93,3.35,4.739999999999999,7.67,7.1,13.049999999999999
202211,0.29,4.7056618004485085,1.8184847122639467,2.89,0.27999999999999997,2.86,1.45,7.18,6.22,2.6,-5.08,2.45,0.37000000000000005,1.83,-0.49,-1.95,1.33,2.77,0.8399999999999999,1.3,3.71,6.78,4.76,4.06,0.8699999999999999,3.54,7.57,7.739999999999999,4.31,2.93,10.57,4.29,6.95,4.0,2.8
202212,0.33,-6.367576206074631,-5.65202261924639,-3.38,-8.15,-4.5600000000000005,-5.39,-10.77,-5.7,-3.71,-9.07,-3.85,-3.72,-1.6600000000000001,-1.98,-10.52,-6.04,-1.15,-6.6,-3.7800000000000002,-8.06,-6.03,-6.14,-6.76,-7.3100000000000005,-7.85,-4.6,-6.01,-4.5,-6.25,-14.13,-7.0,-6.98,-3.39,-3.72
202301,0.35,6.581194291565428,12.17779775210606,0.3,19.4,9.73,5.1000000000000005,18.0,5.79,-0.04999999999999999,22.5,12.530000000000001,8.55,3.7899999999999996,3.8800000000000003,21.439999999999998,13.4,9.08,6.92,4.8100000000000005,17.669999999999998,15.97,9.65,5.25,5.340000000000001,18.91,12.47,8.700000000000001,7.11,3.09,22.83,8.76,6.010000000000001,1.3399999999999999,-0.33999999999999997
202302,0.34,-2.5765011921226364,-2.329646740409952,-3.64,-4.9799999999999995,-1.2,-1.75,-1.84,-2.1,-3.98,-8.51,-3.03,-1.76,-0.54,-2.21,-4.79,-2.88,-0.48000000000000004,-2.4099999999999997,-2.4899999999999998,-6.03,-2.0,-1.3800000000000001,-0.9000000000000001,0.3,-3.8899999999999997,-4.82,-3.01,-2.13,-2.31,1.48,-1.9500000000000002,-2.9499999999999997,-3.6599999999999997,-4.46
202303,0.36,2.506204967500326,-5.458908156401958,0.72,-6.92,-5.8100000000000005,-4.5200000000000005,7.449999999999999,1.75,0.36,-12.36,-9.44,-5.92,-9.79,-3.9299999999999997,-4.6000000000000005,-3.8699999999999997,-5.88,-5.24,-5.69,-5.590000000000001,-5.73,-4.720000000000001,-2.07,-2.57,-2.51,-4.71,-0.36,-2.1,-1.62,9.24,5.72,1.52,1.6,0.9900000000000001
202304,0.35,0.6410603369482512,-2.4341809052807957,2.15,-3.49,-3.17,-1.6800000000000002,0.08000000000000002,0.85,1.7999999999999998,-4.02,-5.279999999999999,-4.56,-2.07,-2.94,-4.21,-3.16,-4.22,-2.5300000000000002,-1.3599999999999999,-2.5500000000000003,-2.28,-2.54,-0.89,0.62,-6.06,-2.05,-0.5,-0.02999999999999997,-1.7000000000000002,-3.11,2.4699999999999998,0.65,1.6400000000000001,2.14
202305,0.36,0.342262477116542,-0.6781381504889484,2.46,-0.62,-2.6599999999999997,0.39,4.859999999999999,-1.0899999999999999,2.1,1.0899999999999999,1.15,-0.88,-2.09,-0.44,-2.3899999999999997,0.08000000000000002,-2.9699999999999998,-0.71,3.0100000000000002,-2.08,-4.7700000000000005,-2.44,-3.05,-1.28,3.29,-2.3,-5.510000000000001,-3.84,-1.21,11.17,1.5299999999999998,-0.32999999999999996,-0.43,2.71
202306,0.4,6.465292976984115,7.713403517640634,7.35,7.949999999999999,7.699999999999999,6.27,10.639999999999999,5.199999999999999,6.949999999999999,7.38,7.359999999999999,4.47,4.1,5.17,10.54,6.43,8.77,7.18,4.93,10.1,9.639999999999999,6.81,7.98,7.529999999999999,10.16,7.0,7.889999999999999,7.29,8.94,17.580000000000002,5.18,3.8400000000000003,6.359999999999999,7.279999999999999
202307,0.45,3.2258096432055403,7.006484265151426,2.42,9.510000000000002,5.56,4.34,4.91,3.8199999999999994,1.97,10.010000000000002,6.35,3.3099999999999996,4.87,0.03999999999999998,9.97,6.01,8.16,3.6899999999999995,3.6899999999999995,11.17,7.2,2.71,3.1599999999999997,4.54,11.540000000000001,5.71,4.2,2.1599999999999997,1.21,2.8,4.109999999999999,3.59,3.1199999999999997,1.8800000000000001
202308,0.45,-2.3402403198540425,-5.9961496001735926,-1.16,-8.379999999999999,-5.79,-4.75,-5.54,-1.75,-1.6099999999999999,-12.16,-5.44,-4.88,-9.649999999999999,-6.640000000000001,-9.42,-6.45,-5.08,-3.85,-4.91,-5.76,-8.809999999999999,-4.69,-3.9400000000000004,-3.6500000000000004,-3.8000000000000003,-3.16,-2.41,-3.3600000000000003,-3.18,-9.44,-4.35,-1.7,-2.0100000000000002,0.9100000000000001
202309,0.43,-5.227216798342386,-6.66493650053427,-5.38,-8.7,-5.069999999999999,-7.35,-5.109999999999999,-4.75,-5.81,-9.17,-6.68,-3.6100000000000003,-8.24,-6.6,-9.34,-5.4799999999999995,-4.33,-7.109999999999999,-7.779999999999999,-7.989999999999999,-5.97,-4.27,-5.54,-7.6499999999999995,-6.4799999999999995,-4.9799999999999995,-5.5,-5.949999999999999,-6.569999999999999,-5.949999999999999,-3.3400000000000003,-3.9200000000000004,-5.239999999999999,-7.1899999999999995
202310,0.47,-3.1306566167549708,-6.9382447769802535,-1.93,-8.48,-5.6,-7.95,-5.21,-2.66,-2.4,-12.91,-3.24,-6.069999999999999,-6.9399999999999995,-9.51,-8.66,-7.109999999999999,-6.8999999999999995,-7.34,-6.67,-6.68,-6.72,-4.52,-6.609999999999999,-7.67,-10.24,-6.0,-4.739999999999999,-6.52,-7.66,-5.41,-3.8600000000000003,-1.8,-1.35,-3.62
202311,0.44,8.885209118714648,9.351918424416564,11.32,8.65,7.62,10.64,7.7299999999999995,7.26,10.88,9.23,7.89,5.6499999999999995,8.71,8.88,9.610000000000001,8.1,7.81,8.88,11.99,7.929999999999999,7.109999999999999,11.360000000000001,8.59,12.24,10.01,6.6899999999999995,7.62,9.84,11.49,8.08,5.81,6.409999999999999,8.8,11.72
202312,0.43,4.83100778679173,13.822032851676662,3.78,16.06,11.59,11.71,10.07,4.69,3.3499999999999996,18.44,14.71,12.23,7.0600000000000005,13.96,16.96,12.42,12.1,11.530000000000001,10.0,15.84,11.93,9.32,9.72,11.07,18.2,10.06,7.19,6.0,8.66,7.28,6.0200000000000005,4.510000000000001,3.1399999999999997,3.1599999999999997
202401,0.47,0.7475148551976583,-4.675331839017255,2.83,-7.16,-4.81,-2.8200000000000003,-4.13,0.44000000000000006,2.3600000000000003,-6.83,-4.6499999999999995,-4.52,-1.27,-4.13,-7.47,-6.71,-6.069999999999999,-3.0599999999999996,-2.1399999999999997,-9.73,-3.0700000000000003,-4.34,-4.52,-3.83,-5.56,-2.6799999999999997,-1.7,-1.92,1.12,-4.05,-0.75,0.52,2.7300000000000004,2.51
202402,0.42,5.076328654926093,4.446310057929548,7.92,2.85,2.56,6.89,1.75,2.7600000000000002,7.5,8.24,2.3000000000000003,4.6,4.13,3.79,3.8499999999999996,1.8900000000000001,2.98,5.84,10.05,-0.52,0.14999999999999997,3.76,4.24,8.25,1.9900000000000002,3.67,3.21,5.38,10.61,-0.22999999999999998,1.6800000000000002,2.5300000000000002,3.41,7.92
202403,0.43,2.8257246258900968,2.6113232795432837,2.94,1.52,2.11,3.1399999999999997,4.760000000000001,3.15,2.51,0.74,3.9,0.13000000000000006,2.8699999999999997,3.68,1.01,3.6299999999999994,2.31,2.9299999999999997,1.57,3.6,3.93,2.38,3.06,3.3899999999999997,2.88,4.61,3.86,4.09,4.260000000000001,4.95,2.8,3.7499999999999996,1.21,3.3499999999999996
202404,0.47,-4.646957802806936,-7.163081365148322,-4.74,-8.200000000000001,-7.31,-7.34,-3.51,-3.9000000000000004,-5.21,-10.870000000000001,-6.569999999999999,-8.72,-10.09,-10.770000000000001,-9.190000000000001,-7.14,-5.77,-6.91,-8.11,-6.31,-6.95,-8.600000000000001,-5.29,-6.7299999999999995,-6.46,-5.16,-6.81,-6.2299999999999995,-7.7299999999999995,-3.76,-1.53,-3.4299999999999997,-3.88,-5.97
202405,0.44,4.338680103493925,5.046293879794542,6.61,5.26,4.38,4.119999999999999,5.369999999999999,2.33,6.17,7.109999999999999,4.579999999999999,4.76,6.069999999999999,2.13,6.359999999999999,2.77,5.04,5.279999999999999,3.8000000000000003,3.23,3.5799999999999996,2.27,4.34,6.359999999999999,0.73,1.6099999999999999,2.43,2.22,4.1899999999999995,3.69,3.6300000000000003,2.36,3.98,7.679999999999999
202406,0.41,2.814523229109957,-2.1676245786317505,5.45,-2.68,-1.78,-3.47,2.55,1.84,5.04,-4.67,-3.6100000000000003,-1.6099999999999999,0.19,-6.5200000000000005,-2.14,-0.98,-0.38999999999999996,-2.04,-3.89,-1.44,-2.19,-1.65,-1.02,-2.56,-0.9299999999999999,-1.2,-2.81,0.13000000000000006,-2.08,-0.009999999999999953,3.66,2.03,3.13,7.31
202407,0.45,1.2158514650677101,10.089150216113325,-2.02,8.520000000000001,10.08,10.58,4.29,2.75,-2.47,10.41,13.530000000000001,12.72,12.66,13.620000000000001,9.63,10.100000000000001,12.06,11.120000000000001,8.55,2.3099999999999996,7.21,7.78,10.84,8.520000000000001,5.21,6.4799999999999995,6.1899999999999995,4.84,3.48,7.069999999999999,3.55,3.71,-0.26,-4.28
202408,0.48,1.6180142351031956,-1.8313917475352395,2.36,-5.390000000000001,-1.02,0.16000000000000003,-2.19,2.5,1.88,-6.52,-2.34,-2.23,-1.53,-2.25,-6.609999999999999,-2.57,-0.04999999999999999,0.20999999999999996,1.3800000000000001,-3.43,-1.2999999999999998,-1.3399999999999999,-0.9299999999999999,1.1,-0.30999999999999994,1.75,-0.12,1.1400000000000001,1.24,-2.27,0.94,2.37,3.49,1.44
202409,0.4,1.7188310713789954,0.6429636915143084,2.42,0.64,0.009999999999999953,0.06999999999999995,2.7,1.4100000000000001,2.02,1.52,-1.79,-0.19000000000000003,-0.16000000000000003,-2.53,-1.03,0.06,-0.9400000000000001,-0.43000000000000005,-0.29000000000000004,3.31,0.35,1.27,0.63,1.98,1.12,1.8400000000000003,1.69,1.2599999999999998,3.37,7.33,0.02999999999999997,1.5899999999999999,1.83,1.6600000000000001
202410,0.39,-1.0148426239881418,-0.7209454988119475,1.27,-2.68,-1.04,0.37,-2.03,-1.9500000000000002,0.88,-0.99,-1.73,3.26,0.27,-0.25,-2.5300000000000002,-3.2,-0.73,-0.43,0.5599999999999999,-3.23,-2.34,-1.31,-1.07,-2.05,-1.32,-0.8500000000000001,-3.6300000000000003,2.4099999999999997,-0.8300000000000001,-2.93,-2.16,-2.25,-1.27,1.69
202411,0.4,6.467007534802803,11.211682237663974,7.13,10.91,9.93,11.65,5.489999999999999,6.1899999999999995,6.7299999999999995,8.37,8.75,8.11,12.62,14.32,12.629999999999999,10.98,9.959999999999999,13.24,8.41,9.04,8.29,9.33,10.76,13.879999999999999,7.39,4.71,6.119999999999999,7.0,12.469999999999999,6.119999999999999,5.5,6.2299999999999995,6.369999999999999,5.84
202412,0.37,-3.1782756919126394,-7.218064273073187,-3.16,-5.92,-7.51,-9.43,-6.45,-2.09,-3.5300000000000002,-5.3500000000000005,-5.1000000000000005,-4.9,-5.25,-8.43,-5.94,-6.49,-8.36,-7.87,-9.44,-7.05,-7.46,-6.78,-9.35,-11.309999999999999,-3.44,-6.55,-6.13,-7.96,-8.559999999999999,-8.299999999999999,-3.02,-2.5700000000000003,-2.15,-1.54
